W0603 11:53:39.399000 25760 .venv\Lib\site-packages\torch\utils\flop_counter.py:29] triton not found; flop counting will not work for triton kernels
2026-06-03 11:53:41 INFO     t5xxl_max_token_length:  flux_train_network.py:179
                             512                                               
You are using the default legacy behaviour of the <class 'transformers.models.t5.tokenization_t5.T5Tokenizer'>. This is expected, and simply means that the `legacy` (previous) behavior will be used so nothing changes for you. If you want to use the new behaviour, set `legacy=False`. This should only be set if you understand what it means, and thoroughly read the reason why this was added as explained in https://github.com/huggingface/transformers/pull/24565
                    INFO     Loading dataset config from   train_network.py:517
                             E:\AI\training\chroma_dataset                     
                             .toml                                             
                    INFO     prepare images.                 train_util.py:2185
                    INFO     get image size from name of     train_util.py:2060
                             cache files                                       

  0%|          | 0/16 [00:00<?, ?it/s]
100%|██████████| 16/16 [00:00<?, ?it/s]
                    INFO     set image size from cache       train_util.py:2090
                             files: 0/16                                       
                    INFO     found directory                 train_util.py:2132
                             E:/AI/training/dataset_stdstyl/                   
                             10_neutralset contains 16 image                   
                             files                                             

read caption:   0%|          | 0/16 [00:00<?, ?it/s]
read caption: 100%|██████████| 16/16 [00:00<00:00, 8035.07it/s]
                    INFO     get image size from name of     train_util.py:2060
                             cache files                                       

  0%|          | 0/16 [00:00<?, ?it/s]
100%|██████████| 16/16 [00:00<?, ?it/s]
                    INFO     set image size from cache       train_util.py:2090
                             files: 0/16                                       
                    INFO     found directory                 train_util.py:2132
                             E:/AI/training/reg_stdstyl/10_o                   
                             bject contains 16 image files                     

read caption:   0%|          | 0/16 [00:00<?, ?it/s]
read caption: 100%|██████████| 16/16 [00:00<00:00, 14729.78it/s]
                    INFO     160 train images with repeats.  train_util.py:2231
                    INFO     160 reg images with repeats.    train_util.py:2235
                    INFO     [Dataset 0]                     config_util.py:586
                               batch_size: 1                                   
                               resolution: (1024, 1024)                        
                               skip_image_resolution: None                     
                               resize_interpolation: None                      
                               enable_bucket: False                            
                                                                               
                               [Subset 0 of Dataset 0]                         
                                 image_dir:                                    
                             "E:/AI/training/dataset_stdstyl                   
                             /10_neutralset"                                   
                                 image_count: 16                               
                                 num_repeats: 10                               
                                 shuffle_caption: False                        
                                 keep_tokens: 0                                
                                 caption_dropout_rate: 0.0                     
                                 caption_dropout_every_n_epo                   
                             chs: 0                                            
                                 caption_tag_dropout_rate:                     
                             0.0                                               
                                 caption_prefix: None                          
                                 caption_suffix: None                          
                                 color_aug: False                              
                                 flip_aug: False                               
                                 face_crop_aug_range: None                     
                                 random_crop: False                            
                                 token_warmup_min: 1,                          
                                 token_warmup_step: 0,                         
                                 alpha_mask: False                             
                                 resize_interpolation: None                    
                                 custom_attributes: {}                         
                                 is_reg: False                                 
                                 class_tokens: None                            
                                 caption_extension: .txt                       
                                                                               
                               [Subset 1 of Dataset 0]                         
                                 image_dir:                                    
                             "E:/AI/training/reg_stdstyl/10_                   
                             object"                                           
                                 image_count: 16                               
                                 num_repeats: 10                               
                                 shuffle_caption: False                        
                                 keep_tokens: 0                                
                                 caption_dropout_rate: 0.0                     
                                 caption_dropout_every_n_epo                   
                             chs: 0                                            
                                 caption_tag_dropout_rate:                     
                             0.0                                               
                                 caption_prefix: None                          
                                 caption_suffix: None                          
                                 color_aug: False                              
                                 flip_aug: False                               
                                 face_crop_aug_range: None                     
                                 random_crop: False                            
                                 token_warmup_min: 1,                          
                                 token_warmup_step: 0,                         
                                 alpha_mask: False                             
                                 resize_interpolation: None                    
                                 custom_attributes: {}                         
                                 is_reg: True                                  
                                 class_tokens: None                            
                                 caption_extension: .txt                       
                                                                               
                                                                               
                    INFO     [Prepare dataset 0]             config_util.py:598
                    INFO     loading image sizes.             train_util.py:999

  0%|          | 0/32 [00:00<?, ?it/s]
100%|██████████| 32/32 [00:00<00:00, 31714.96it/s]
                    INFO     prepare dataset                 train_util.py:1024
                    INFO     preparing accelerator         train_network.py:591
2026-06-03 11:53:42 INFO     Building Chroma model            flux_utils.py:150
                    INFO     Loading state dict from          flux_utils.py:157
                             E:\AI-Models\ComfyUI_windows_por                  
                             table\ComfyUI\models\diffusion_m                  
                             odels\Chroma1-HD.safetensors                      
                    INFO     Loaded Chroma: <All keys matched flux_utils.py:168
                             successfully>                                     
                    INFO     Cast FLUX model to fp8.  flux_train_network.py:120
                             This may take a while.                            
                             You can reduce the time                           
                             by using fp8 checkpoint.                          
                             /                                                 
                             FLUXモデルをfp8に変換し                           
                             ています。これには時間が                          
                             かかる場合があります。fp                          
                             8チェックポイントを使用                           
                             することで時間を短縮でき                          
                             ます。                                            
2026-06-03 11:53:45 INFO     Loading state dict from          flux_utils.py:405
                             E:\AI-Models\ComfyUI_windows_por                  
                             table\ComfyUI\models\text_encode                  
                             rs\t5xxl_fp8_e4m3fn.safetensors                   
                    INFO     Loaded T5xxl: <All keys matched  flux_utils.py:408
                             successfully>                                     
                    INFO     Loaded fp8 T5XXL model   flux_train_network.py:155
                    INFO     Building AutoEncoder             flux_utils.py:179
                    INFO     Loading state dict from          flux_utils.py:184
                             E:\AI-Models\ComfyUI_windows_por                  
                             table\ComfyUI\models\vae\ae.safe                  
                             tensors                                           
2026-06-03 11:53:46 INFO     Loaded AE: <All keys matched     flux_utils.py:187
                             successfully>                                     
                    INFO     [Dataset 0]                     train_util.py:2740
                    INFO     caching latents with caching    train_util.py:1128
                             strategy.                                         
                    INFO     caching latents...              train_util.py:1178
accelerator device: cuda

  0%|          | 0/32 [00:00<?, ?it/s]
  3%|▎         | 1/32 [00:00<00:15,  1.96it/s]
  6%|▋         | 2/32 [00:00<00:10,  2.94it/s]
  9%|▉         | 3/32 [00:00<00:08,  3.54it/s]
 12%|█▎        | 4/32 [00:01<00:07,  3.89it/s]
 16%|█▌        | 5/32 [00:01<00:06,  4.15it/s]
 19%|█▉        | 6/32 [00:01<00:05,  4.33it/s]
 22%|██▏       | 7/32 [00:01<00:05,  4.43it/s]
 25%|██▌       | 8/32 [00:02<00:05,  4.49it/s]
 28%|██▊       | 9/32 [00:02<00:05,  4.51it/s]
 31%|███▏      | 10/32 [00:02<00:04,  4.56it/s]
 34%|███▍      | 11/32 [00:02<00:04,  4.43it/s]
 38%|███▊      | 12/32 [00:02<00:04,  4.47it/s]
 41%|████      | 13/32 [00:03<00:04,  4.49it/s]
 44%|████▍     | 14/32 [00:03<00:03,  4.53it/s]
 47%|████▋     | 15/32 [00:03<00:03,  4.57it/s]
 50%|█████     | 16/32 [00:03<00:03,  4.59it/s]
 53%|█████▎    | 17/32 [00:03<00:03,  4.67it/s]
 56%|█████▋    | 18/32 [00:04<00:02,  4.70it/s]
 59%|█████▉    | 19/32 [00:04<00:02,  4.75it/s]
 62%|██████▎   | 20/32 [00:04<00:02,  4.75it/s]
 66%|██████▌   | 21/32 [00:04<00:02,  4.77it/s]
 69%|██████▉   | 22/32 [00:05<00:02,  4.79it/s]
 72%|███████▏  | 23/32 [00:05<00:01,  4.79it/s]
 75%|███████▌  | 24/32 [00:05<00:01,  4.82it/s]
 78%|███████▊  | 25/32 [00:05<00:01,  4.82it/s]
 81%|████████▏ | 26/32 [00:05<00:01,  4.70it/s]
 84%|████████▍ | 27/32 [00:06<00:01,  4.73it/s]
 88%|████████▊ | 28/32 [00:06<00:00,  4.71it/s]
 91%|█████████ | 29/32 [00:06<00:00,  4.63it/s]
 94%|█████████▍| 30/32 [00:06<00:00,  4.61it/s]
 97%|█████████▋| 31/32 [00:06<00:00,  4.60it/s]
100%|██████████| 32/32 [00:07<00:00,  4.51it/s]
100%|██████████| 32/32 [00:07<00:00,  4.45it/s]
2026-06-03 11:53:56 INFO     create LoRA network. base dim     lora_flux.py:782
                             (rank): 16, alpha: 16.0                           
                    INFO     neuron dropout: p=None, rank      lora_flux.py:783
                             dropout: p=None, module dropout:                  
                             p=None                                            
                    INFO     train all blocks only             lora_flux.py:797
                    INFO     create LoRA for Text Encoder 1:   lora_flux.py:947
                    INFO     create LoRA for Text Encoder 1: 0 lora_flux.py:950
                             modules.                                          
                    INFO     create LoRA for FLUX all blocks:  lora_flux.py:971
                             228 modules.                                      
                    INFO     enable LoRA for text encoder: 0  lora_flux.py:1146
                             modules                                           
                    INFO     enable LoRA for U-Net: 228       lora_flux.py:1151
                             modules                                           
                    INFO     use AdamW optimizer | {}        train_util.py:5230
                    INFO     set U-Net weight dtype to     train_network.py:844
                             torch.float8_e4m3fn                               
                    INFO     prepare CLIP-L for fp8:  flux_train_network.py:470
                             set to                                            
                             torch.float8_e4m3fn, set                          
                             embeddings to                                     
                             torch.bfloat16                                    
                    INFO     prepare T5XXL for fp8:   flux_train_network.py:499
                             set to                                            
                             torch.float8_e4m3fn, set                          
                             embeddings to                                     
                             torch.bfloat16, add                               
                             hooks                                             
2026-06-03 11:54:09 INFO     unet dtype:                  train_network.py:1347
                             torch.float8_e4m3fn, device:                      
                             cuda:0                                            
                    INFO     text_encoder [0] dtype:      train_network.py:1353
                             torch.float8_e4m3fn, device:                      
                             cuda:0                                            
                    INFO     text_encoder [1] dtype:      train_network.py:1353
                             torch.float8_e4m3fn, device:                      
                             cuda:0                                            

import network module: networks.lora_flux
Chroma: Gradient checkpointing enabled.
prepare optimizer, data loader etc.
enable fp8 training for U-Net.
enable fp8 training for Text Encoder.
running training / 学習開始
  num train images * repeats / 学習画像の数×繰り返し回数: 160
  num validation images * repeats / 学習画像の数×繰り返し回数: 0
  num reg images / 正則化画像の数: 160
  num batches per epoch / 1epochのバッチ数: 320
  num epochs / epoch数: 2
  batch size per device / バッチサイズ: 1
  gradient accumulation steps / 勾配を合計するステップ数 = 1
  total optimization steps / 学習ステップ数: 600
steps:   0%|          | 0/600 [00:00<?, ?it/s]                    INFO     epoch is incremented.            train_util.py:791
                             current_epoch: 0, epoch: 1                        

steps:   0%|          | 1/600 [00:03<33:35,  3.37s/it]
steps:   0%|          | 1/600 [00:03<33:35,  3.37s/it, avr_loss=0.484]
steps:   0%|          | 2/600 [00:05<29:45,  2.99s/it, avr_loss=0.484]
steps:   0%|          | 2/600 [00:05<29:45,  2.99s/it, avr_loss=0.376]
steps:   0%|          | 3/600 [00:08<28:41,  2.88s/it, avr_loss=0.376]
steps:   0%|          | 3/600 [00:08<28:41,  2.88s/it, avr_loss=0.432]
steps:   1%|          | 4/600 [00:11<28:00,  2.82s/it, avr_loss=0.432]
steps:   1%|          | 4/600 [00:11<28:00,  2.82s/it, avr_loss=0.41] 
steps:   1%|          | 5/600 [00:13<27:33,  2.78s/it, avr_loss=0.41]
steps:   1%|          | 5/600 [00:13<27:33,  2.78s/it, avr_loss=0.373]
steps:   1%|          | 6/600 [00:16<27:13,  2.75s/it, avr_loss=0.373]
steps:   1%|          | 6/600 [00:16<27:13,  2.75s/it, avr_loss=0.373]
steps:   1%|          | 7/600 [00:19<27:00,  2.73s/it, avr_loss=0.373]
steps:   1%|          | 7/600 [00:19<27:00,  2.73s/it, avr_loss=0.36] 
steps:   1%|▏         | 8/600 [00:21<26:48,  2.72s/it, avr_loss=0.36]
steps:   1%|▏         | 8/600 [00:21<26:49,  2.72s/it, avr_loss=0.38]
steps:   2%|▏         | 9/600 [00:24<26:54,  2.73s/it, avr_loss=0.38]
steps:   2%|▏         | 9/600 [00:24<26:54,  2.73s/it, avr_loss=0.37]
steps:   2%|▏         | 10/600 [00:27<26:45,  2.72s/it, avr_loss=0.37]
steps:   2%|▏         | 10/600 [00:27<26:45,  2.72s/it, avr_loss=0.374]
steps:   2%|▏         | 11/600 [00:29<26:36,  2.71s/it, avr_loss=0.374]
steps:   2%|▏         | 11/600 [00:29<26:36,  2.71s/it, avr_loss=0.364]
steps:   2%|▏         | 12/600 [00:32<26:29,  2.70s/it, avr_loss=0.364]
steps:   2%|▏         | 12/600 [00:32<26:29,  2.70s/it, avr_loss=0.377]
steps:   2%|▏         | 13/600 [00:35<26:23,  2.70s/it, avr_loss=0.377]
steps:   2%|▏         | 13/600 [00:35<26:23,  2.70s/it, avr_loss=0.383]
steps:   2%|▏         | 14/600 [00:37<26:18,  2.69s/it, avr_loss=0.383]
steps:   2%|▏         | 14/600 [00:37<26:18,  2.69s/it, avr_loss=0.375]
steps:   2%|▎         | 15/600 [00:40<26:15,  2.69s/it, avr_loss=0.375]
steps:   2%|▎         | 15/600 [00:40<26:15,  2.69s/it, avr_loss=0.367]
steps:   3%|▎         | 16/600 [00:43<26:10,  2.69s/it, avr_loss=0.367]
steps:   3%|▎         | 16/600 [00:43<26:10,  2.69s/it, avr_loss=0.362]
steps:   3%|▎         | 17/600 [00:45<26:07,  2.69s/it, avr_loss=0.362]
steps:   3%|▎         | 17/600 [00:45<26:07,  2.69s/it, avr_loss=0.373]
steps:   3%|▎         | 18/600 [00:48<26:07,  2.69s/it, avr_loss=0.373]
steps:   3%|▎         | 18/600 [00:48<26:07,  2.69s/it, avr_loss=0.377]
steps:   3%|▎         | 19/600 [00:51<26:02,  2.69s/it, avr_loss=0.377]
steps:   3%|▎         | 19/600 [00:51<26:02,  2.69s/it, avr_loss=0.374]
steps:   3%|▎         | 20/600 [00:53<26:00,  2.69s/it, avr_loss=0.374]
steps:   3%|▎         | 20/600 [00:53<26:00,  2.69s/it, avr_loss=0.369]
steps:   4%|▎         | 21/600 [00:56<25:58,  2.69s/it, avr_loss=0.369]
steps:   4%|▎         | 21/600 [00:56<25:58,  2.69s/it, avr_loss=0.369]
steps:   4%|▎         | 22/600 [00:59<25:55,  2.69s/it, avr_loss=0.369]
steps:   4%|▎         | 22/600 [00:59<25:55,  2.69s/it, avr_loss=0.369]
steps:   4%|▍         | 23/600 [01:01<25:52,  2.69s/it, avr_loss=0.369]
steps:   4%|▍         | 23/600 [01:01<25:52,  2.69s/it, avr_loss=0.369]
steps:   4%|▍         | 24/600 [01:04<25:49,  2.69s/it, avr_loss=0.369]
steps:   4%|▍         | 24/600 [01:04<25:49,  2.69s/it, avr_loss=0.367]
steps:   4%|▍         | 25/600 [01:07<25:47,  2.69s/it, avr_loss=0.367]
steps:   4%|▍         | 25/600 [01:07<25:47,  2.69s/it, avr_loss=0.36] 
steps:   4%|▍         | 26/600 [01:09<25:44,  2.69s/it, avr_loss=0.36]
steps:   4%|▍         | 26/600 [01:09<25:44,  2.69s/it, avr_loss=0.365]
steps:   4%|▍         | 27/600 [01:12<25:44,  2.70s/it, avr_loss=0.365]
steps:   4%|▍         | 27/600 [01:12<25:44,  2.70s/it, avr_loss=0.367]
steps:   5%|▍         | 28/600 [01:15<25:42,  2.70s/it, avr_loss=0.367]
steps:   5%|▍         | 28/600 [01:15<25:42,  2.70s/it, avr_loss=0.368]
steps:   5%|▍         | 29/600 [01:18<25:39,  2.70s/it, avr_loss=0.368]
steps:   5%|▍         | 29/600 [01:18<25:39,  2.70s/it, avr_loss=0.364]
steps:   5%|▌         | 30/600 [01:20<25:35,  2.69s/it, avr_loss=0.364]
steps:   5%|▌         | 30/600 [01:20<25:35,  2.69s/it, avr_loss=0.361]
steps:   5%|▌         | 31/600 [01:23<25:31,  2.69s/it, avr_loss=0.361]
steps:   5%|▌         | 31/600 [01:23<25:31,  2.69s/it, avr_loss=0.362]
steps:   5%|▌         | 32/600 [01:26<25:29,  2.69s/it, avr_loss=0.362]
steps:   5%|▌         | 32/600 [01:26<25:29,  2.69s/it, avr_loss=0.367]
steps:   6%|▌         | 33/600 [01:28<25:27,  2.69s/it, avr_loss=0.367]
steps:   6%|▌         | 33/600 [01:28<25:27,  2.69s/it, avr_loss=0.364]
steps:   6%|▌         | 34/600 [01:31<25:25,  2.69s/it, avr_loss=0.364]
steps:   6%|▌         | 34/600 [01:31<25:25,  2.69s/it, avr_loss=0.365]
steps:   6%|▌         | 35/600 [01:34<25:25,  2.70s/it, avr_loss=0.365]
steps:   6%|▌         | 35/600 [01:34<25:25,  2.70s/it, avr_loss=0.366]
steps:   6%|▌         | 36/600 [01:37<25:22,  2.70s/it, avr_loss=0.366]
steps:   6%|▌         | 36/600 [01:37<25:22,  2.70s/it, avr_loss=0.362]
steps:   6%|▌         | 37/600 [01:39<25:20,  2.70s/it, avr_loss=0.362]
steps:   6%|▌         | 37/600 [01:39<25:20,  2.70s/it, avr_loss=0.358]
steps:   6%|▋         | 38/600 [01:42<25:17,  2.70s/it, avr_loss=0.358]
steps:   6%|▋         | 38/600 [01:42<25:17,  2.70s/it, avr_loss=0.361]
steps:   6%|▋         | 39/600 [01:45<25:15,  2.70s/it, avr_loss=0.361]
steps:   6%|▋         | 39/600 [01:45<25:15,  2.70s/it, avr_loss=0.358]
steps:   7%|▋         | 40/600 [01:48<25:13,  2.70s/it, avr_loss=0.358]
steps:   7%|▋         | 40/600 [01:48<25:13,  2.70s/it, avr_loss=0.356]
steps:   7%|▋         | 41/600 [01:50<25:10,  2.70s/it, avr_loss=0.356]
steps:   7%|▋         | 41/600 [01:50<25:10,  2.70s/it, avr_loss=0.353]
steps:   7%|▋         | 42/600 [01:53<25:08,  2.70s/it, avr_loss=0.353]
steps:   7%|▋         | 42/600 [01:53<25:08,  2.70s/it, avr_loss=0.351]
steps:   7%|▋         | 43/600 [01:56<25:05,  2.70s/it, avr_loss=0.351]
steps:   7%|▋         | 43/600 [01:56<25:05,  2.70s/it, avr_loss=0.349]
steps:   7%|▋         | 44/600 [01:59<25:05,  2.71s/it, avr_loss=0.349]
steps:   7%|▋         | 44/600 [01:59<25:05,  2.71s/it, avr_loss=0.352]
steps:   8%|▊         | 45/600 [02:01<25:01,  2.71s/it, avr_loss=0.352]
steps:   8%|▊         | 45/600 [02:01<25:01,  2.71s/it, avr_loss=0.354]
steps:   8%|▊         | 46/600 [02:04<24:57,  2.70s/it, avr_loss=0.354]
steps:   8%|▊         | 46/600 [02:04<24:57,  2.70s/it, avr_loss=0.355]
steps:   8%|▊         | 47/600 [02:07<24:54,  2.70s/it, avr_loss=0.355]
steps:   8%|▊         | 47/600 [02:07<24:54,  2.70s/it, avr_loss=0.356]
steps:   8%|▊         | 48/600 [02:09<24:50,  2.70s/it, avr_loss=0.356]
steps:   8%|▊         | 48/600 [02:09<24:50,  2.70s/it, avr_loss=0.36] 
steps:   8%|▊         | 49/600 [02:12<24:47,  2.70s/it, avr_loss=0.36]
steps:   8%|▊         | 49/600 [02:12<24:47,  2.70s/it, avr_loss=0.357]
steps:   8%|▊         | 50/600 [02:14<24:43,  2.70s/it, avr_loss=0.357]
steps:   8%|▊         | 50/600 [02:14<24:43,  2.70s/it, avr_loss=0.359]
steps:   8%|▊         | 51/600 [02:17<24:40,  2.70s/it, avr_loss=0.359]
steps:   8%|▊         | 51/600 [02:17<24:40,  2.70s/it, avr_loss=0.358]
steps:   9%|▊         | 52/600 [02:20<24:36,  2.69s/it, avr_loss=0.358]
steps:   9%|▊         | 52/600 [02:20<24:36,  2.69s/it, avr_loss=0.361]
steps:   9%|▉         | 53/600 [02:22<24:34,  2.70s/it, avr_loss=0.361]
steps:   9%|▉         | 53/600 [02:22<24:34,  2.70s/it, avr_loss=0.371]
steps:   9%|▉         | 54/600 [02:25<24:31,  2.70s/it, avr_loss=0.371]
steps:   9%|▉         | 54/600 [02:25<24:31,  2.70s/it, avr_loss=0.372]
steps:   9%|▉         | 55/600 [02:28<24:28,  2.69s/it, avr_loss=0.372]
steps:   9%|▉         | 55/600 [02:28<24:28,  2.69s/it, avr_loss=0.374]
steps:   9%|▉         | 56/600 [02:30<24:24,  2.69s/it, avr_loss=0.374]
steps:   9%|▉         | 56/600 [02:30<24:24,  2.69s/it, avr_loss=0.374]
steps:  10%|▉         | 57/600 [02:33<24:21,  2.69s/it, avr_loss=0.374]
steps:  10%|▉         | 57/600 [02:33<24:21,  2.69s/it, avr_loss=0.372]
steps:  10%|▉         | 58/600 [02:36<24:18,  2.69s/it, avr_loss=0.372]
steps:  10%|▉         | 58/600 [02:36<24:18,  2.69s/it, avr_loss=0.373]
steps:  10%|▉         | 59/600 [02:38<24:15,  2.69s/it, avr_loss=0.373]
steps:  10%|▉         | 59/600 [02:38<24:15,  2.69s/it, avr_loss=0.374]
steps:  10%|█         | 60/600 [02:41<24:11,  2.69s/it, avr_loss=0.374]
steps:  10%|█         | 60/600 [02:41<24:11,  2.69s/it, avr_loss=0.375]
steps:  10%|█         | 61/600 [02:44<24:09,  2.69s/it, avr_loss=0.375]
steps:  10%|█         | 61/600 [02:44<24:09,  2.69s/it, avr_loss=0.378]
steps:  10%|█         | 62/600 [02:46<24:07,  2.69s/it, avr_loss=0.378]
steps:  10%|█         | 62/600 [02:46<24:07,  2.69s/it, avr_loss=0.378]
steps:  10%|█         | 63/600 [02:49<24:04,  2.69s/it, avr_loss=0.378]
steps:  10%|█         | 63/600 [02:49<24:04,  2.69s/it, avr_loss=0.376]
steps:  11%|█         | 64/600 [02:52<24:01,  2.69s/it, avr_loss=0.376]
steps:  11%|█         | 64/600 [02:52<24:01,  2.69s/it, avr_loss=0.375]
steps:  11%|█         | 65/600 [02:54<23:58,  2.69s/it, avr_loss=0.375]
steps:  11%|█         | 65/600 [02:54<23:58,  2.69s/it, avr_loss=0.374]
steps:  11%|█         | 66/600 [02:57<23:55,  2.69s/it, avr_loss=0.374]
steps:  11%|█         | 66/600 [02:57<23:55,  2.69s/it, avr_loss=0.373]
steps:  11%|█         | 67/600 [03:00<23:52,  2.69s/it, avr_loss=0.373]
steps:  11%|█         | 67/600 [03:00<23:52,  2.69s/it, avr_loss=0.372]
steps:  11%|█▏        | 68/600 [03:02<23:49,  2.69s/it, avr_loss=0.372]
steps:  11%|█▏        | 68/600 [03:02<23:49,  2.69s/it, avr_loss=0.372]
steps:  12%|█▏        | 69/600 [03:05<23:47,  2.69s/it, avr_loss=0.372]
steps:  12%|█▏        | 69/600 [03:05<23:47,  2.69s/it, avr_loss=0.374]
steps:  12%|█▏        | 70/600 [03:08<23:46,  2.69s/it, avr_loss=0.374]
steps:  12%|█▏        | 70/600 [03:08<23:46,  2.69s/it, avr_loss=0.374]
steps:  12%|█▏        | 71/600 [03:11<23:43,  2.69s/it, avr_loss=0.374]
steps:  12%|█▏        | 71/600 [03:11<23:43,  2.69s/it, avr_loss=0.376]
steps:  12%|█▏        | 72/600 [03:13<23:41,  2.69s/it, avr_loss=0.376]
steps:  12%|█▏        | 72/600 [03:13<23:41,  2.69s/it, avr_loss=0.375]
steps:  12%|█▏        | 73/600 [03:16<23:39,  2.69s/it, avr_loss=0.375]
steps:  12%|█▏        | 73/600 [03:16<23:39,  2.69s/it, avr_loss=0.373]
steps:  12%|█▏        | 74/600 [03:19<23:36,  2.69s/it, avr_loss=0.373]
steps:  12%|█▏        | 74/600 [03:19<23:36,  2.69s/it, avr_loss=0.372]
steps:  12%|█▎        | 75/600 [03:21<23:33,  2.69s/it, avr_loss=0.372]
steps:  12%|█▎        | 75/600 [03:21<23:33,  2.69s/it, avr_loss=0.37] 
steps:  13%|█▎        | 76/600 [03:24<23:30,  2.69s/it, avr_loss=0.37]
steps:  13%|█▎        | 76/600 [03:24<23:30,  2.69s/it, avr_loss=0.373]
steps:  13%|█▎        | 77/600 [03:27<23:27,  2.69s/it, avr_loss=0.373]
steps:  13%|█▎        | 77/600 [03:27<23:27,  2.69s/it, avr_loss=0.371]
steps:  13%|█▎        | 78/600 [03:29<23:23,  2.69s/it, avr_loss=0.371]
steps:  13%|█▎        | 78/600 [03:29<23:23,  2.69s/it, avr_loss=0.37] 
steps:  13%|█▎        | 79/600 [03:32<23:21,  2.69s/it, avr_loss=0.37]
steps:  13%|█▎        | 79/600 [03:32<23:21,  2.69s/it, avr_loss=0.371]
steps:  13%|█▎        | 80/600 [03:35<23:18,  2.69s/it, avr_loss=0.371]
steps:  13%|█▎        | 80/600 [03:35<23:18,  2.69s/it, avr_loss=0.373]
steps:  14%|█▎        | 81/600 [03:37<23:15,  2.69s/it, avr_loss=0.373]
steps:  14%|█▎        | 81/600 [03:37<23:15,  2.69s/it, avr_loss=0.374]
steps:  14%|█▎        | 82/600 [03:40<23:11,  2.69s/it, avr_loss=0.374]
steps:  14%|█▎        | 82/600 [03:40<23:11,  2.69s/it, avr_loss=0.376]
steps:  14%|█▍        | 83/600 [03:42<23:08,  2.69s/it, avr_loss=0.376]
steps:  14%|█▍        | 83/600 [03:42<23:08,  2.69s/it, avr_loss=0.377]
steps:  14%|█▍        | 84/600 [03:45<23:05,  2.69s/it, avr_loss=0.377]
steps:  14%|█▍        | 84/600 [03:45<23:05,  2.69s/it, avr_loss=0.377]
steps:  14%|█▍        | 85/600 [03:48<23:02,  2.68s/it, avr_loss=0.377]
steps:  14%|█▍        | 85/600 [03:48<23:02,  2.68s/it, avr_loss=0.378]
steps:  14%|█▍        | 86/600 [03:50<22:59,  2.68s/it, avr_loss=0.378]
steps:  14%|█▍        | 86/600 [03:50<22:59,  2.68s/it, avr_loss=0.376]
steps:  14%|█▍        | 87/600 [03:53<22:56,  2.68s/it, avr_loss=0.376]
steps:  14%|█▍        | 87/600 [03:53<22:56,  2.68s/it, avr_loss=0.374]
steps:  15%|█▍        | 88/600 [03:56<22:54,  2.68s/it, avr_loss=0.374]
steps:  15%|█▍        | 88/600 [03:56<22:54,  2.68s/it, avr_loss=0.374]
steps:  15%|█▍        | 89/600 [03:58<22:51,  2.68s/it, avr_loss=0.374]
steps:  15%|█▍        | 89/600 [03:58<22:51,  2.68s/it, avr_loss=0.375]
steps:  15%|█▌        | 90/600 [04:01<22:48,  2.68s/it, avr_loss=0.375]
steps:  15%|█▌        | 90/600 [04:01<22:48,  2.68s/it, avr_loss=0.374]
steps:  15%|█▌        | 91/600 [04:04<22:45,  2.68s/it, avr_loss=0.374]
steps:  15%|█▌        | 91/600 [04:04<22:45,  2.68s/it, avr_loss=0.376]
steps:  15%|█▌        | 92/600 [04:06<22:42,  2.68s/it, avr_loss=0.376]
steps:  15%|█▌        | 92/600 [04:06<22:42,  2.68s/it, avr_loss=0.376]
steps:  16%|█▌        | 93/600 [04:09<22:39,  2.68s/it, avr_loss=0.376]
steps:  16%|█▌        | 93/600 [04:09<22:39,  2.68s/it, avr_loss=0.377]
steps:  16%|█▌        | 94/600 [04:12<22:37,  2.68s/it, avr_loss=0.377]
steps:  16%|█▌        | 94/600 [04:12<22:37,  2.68s/it, avr_loss=0.378]
steps:  16%|█▌        | 95/600 [04:14<22:34,  2.68s/it, avr_loss=0.378]
steps:  16%|█▌        | 95/600 [04:14<22:34,  2.68s/it, avr_loss=0.376]
steps:  16%|█▌        | 96/600 [04:17<22:31,  2.68s/it, avr_loss=0.376]
steps:  16%|█▌        | 96/600 [04:17<22:31,  2.68s/it, avr_loss=0.376]
steps:  16%|█▌        | 97/600 [04:20<22:29,  2.68s/it, avr_loss=0.376]
steps:  16%|█▌        | 97/600 [04:20<22:29,  2.68s/it, avr_loss=0.377]
steps:  16%|█▋        | 98/600 [04:22<22:27,  2.68s/it, avr_loss=0.377]
steps:  16%|█▋        | 98/600 [04:22<22:27,  2.68s/it, avr_loss=0.376]
steps:  16%|█▋        | 99/600 [04:25<22:24,  2.68s/it, avr_loss=0.376]
steps:  16%|█▋        | 99/600 [04:25<22:24,  2.68s/it, avr_loss=0.377]
steps:  17%|█▋        | 100/600 [04:28<22:21,  2.68s/it, avr_loss=0.377]
steps:  17%|█▋        | 100/600 [04:28<22:21,  2.68s/it, avr_loss=0.376]
steps:  17%|█▋        | 101/600 [04:30<22:18,  2.68s/it, avr_loss=0.376]
steps:  17%|█▋        | 101/600 [04:30<22:18,  2.68s/it, avr_loss=0.375]
steps:  17%|█▋        | 102/600 [04:33<22:16,  2.68s/it, avr_loss=0.375]
steps:  17%|█▋        | 102/600 [04:33<22:16,  2.68s/it, avr_loss=0.373]
steps:  17%|█▋        | 103/600 [04:36<22:13,  2.68s/it, avr_loss=0.373]
steps:  17%|█▋        | 103/600 [04:36<22:13,  2.68s/it, avr_loss=0.374]
steps:  17%|█▋        | 104/600 [04:38<22:10,  2.68s/it, avr_loss=0.374]
steps:  17%|█▋        | 104/600 [04:38<22:10,  2.68s/it, avr_loss=0.373]
steps:  18%|█▊        | 105/600 [04:41<22:08,  2.68s/it, avr_loss=0.373]
steps:  18%|█▊        | 105/600 [04:41<22:08,  2.68s/it, avr_loss=0.375]
steps:  18%|█▊        | 106/600 [04:44<22:05,  2.68s/it, avr_loss=0.375]
steps:  18%|█▊        | 106/600 [04:44<22:05,  2.68s/it, avr_loss=0.376]
steps:  18%|█▊        | 107/600 [04:47<22:02,  2.68s/it, avr_loss=0.376]
steps:  18%|█▊        | 107/600 [04:47<22:02,  2.68s/it, avr_loss=0.375]
steps:  18%|█▊        | 108/600 [04:49<21:59,  2.68s/it, avr_loss=0.375]
steps:  18%|█▊        | 108/600 [04:49<21:59,  2.68s/it, avr_loss=0.375]
steps:  18%|█▊        | 109/600 [04:52<21:56,  2.68s/it, avr_loss=0.375]
steps:  18%|█▊        | 109/600 [04:52<21:56,  2.68s/it, avr_loss=0.375]
steps:  18%|█▊        | 110/600 [04:54<21:53,  2.68s/it, avr_loss=0.375]
steps:  18%|█▊        | 110/600 [04:54<21:53,  2.68s/it, avr_loss=0.373]
steps:  18%|█▊        | 111/600 [04:57<21:50,  2.68s/it, avr_loss=0.373]
steps:  18%|█▊        | 111/600 [04:57<21:50,  2.68s/it, avr_loss=0.374]
steps:  19%|█▊        | 112/600 [05:00<21:47,  2.68s/it, avr_loss=0.374]
steps:  19%|█▊        | 112/600 [05:00<21:47,  2.68s/it, avr_loss=0.376]
steps:  19%|█▉        | 113/600 [05:02<21:44,  2.68s/it, avr_loss=0.376]
steps:  19%|█▉        | 113/600 [05:02<21:44,  2.68s/it, avr_loss=0.377]
steps:  19%|█▉        | 114/600 [05:05<21:42,  2.68s/it, avr_loss=0.377]
steps:  19%|█▉        | 114/600 [05:05<21:42,  2.68s/it, avr_loss=0.377]
steps:  19%|█▉        | 115/600 [05:08<21:39,  2.68s/it, avr_loss=0.377]
steps:  19%|█▉        | 115/600 [05:08<21:39,  2.68s/it, avr_loss=0.375]
steps:  19%|█▉        | 116/600 [05:10<21:36,  2.68s/it, avr_loss=0.375]
steps:  19%|█▉        | 116/600 [05:10<21:36,  2.68s/it, avr_loss=0.374]
steps:  20%|█▉        | 117/600 [05:13<21:33,  2.68s/it, avr_loss=0.374]
steps:  20%|█▉        | 117/600 [05:13<21:33,  2.68s/it, avr_loss=0.374]
steps:  20%|█▉        | 118/600 [05:15<21:30,  2.68s/it, avr_loss=0.374]
steps:  20%|█▉        | 118/600 [05:15<21:30,  2.68s/it, avr_loss=0.373]
steps:  20%|█▉        | 119/600 [05:18<21:27,  2.68s/it, avr_loss=0.373]
steps:  20%|█▉        | 119/600 [05:18<21:27,  2.68s/it, avr_loss=0.373]
steps:  20%|██        | 120/600 [05:21<21:24,  2.68s/it, avr_loss=0.373]
steps:  20%|██        | 120/600 [05:21<21:24,  2.68s/it, avr_loss=0.371]
steps:  20%|██        | 121/600 [05:23<21:22,  2.68s/it, avr_loss=0.371]
steps:  20%|██        | 121/600 [05:23<21:22,  2.68s/it, avr_loss=0.37] 
steps:  20%|██        | 122/600 [05:26<21:19,  2.68s/it, avr_loss=0.37]
steps:  20%|██        | 122/600 [05:26<21:19,  2.68s/it, avr_loss=0.371]
steps:  20%|██        | 123/600 [05:29<21:17,  2.68s/it, avr_loss=0.371]
steps:  20%|██        | 123/600 [05:29<21:17,  2.68s/it, avr_loss=0.37] 
steps:  21%|██        | 124/600 [05:32<21:14,  2.68s/it, avr_loss=0.37]
steps:  21%|██        | 124/600 [05:32<21:14,  2.68s/it, avr_loss=0.369]
steps:  21%|██        | 125/600 [05:34<21:11,  2.68s/it, avr_loss=0.369]
steps:  21%|██        | 125/600 [05:34<21:11,  2.68s/it, avr_loss=0.37] 
steps:  21%|██        | 126/600 [05:37<21:09,  2.68s/it, avr_loss=0.37]
steps:  21%|██        | 126/600 [05:37<21:09,  2.68s/it, avr_loss=0.369]
steps:  21%|██        | 127/600 [05:39<21:06,  2.68s/it, avr_loss=0.369]
steps:  21%|██        | 127/600 [05:39<21:06,  2.68s/it, avr_loss=0.368]
steps:  21%|██▏       | 128/600 [05:42<21:03,  2.68s/it, avr_loss=0.368]
steps:  21%|██▏       | 128/600 [05:42<21:03,  2.68s/it, avr_loss=0.368]
steps:  22%|██▏       | 129/600 [05:45<21:00,  2.68s/it, avr_loss=0.368]
steps:  22%|██▏       | 129/600 [05:45<21:00,  2.68s/it, avr_loss=0.369]
steps:  22%|██▏       | 130/600 [05:47<20:58,  2.68s/it, avr_loss=0.369]
steps:  22%|██▏       | 130/600 [05:47<20:58,  2.68s/it, avr_loss=0.369]
steps:  22%|██▏       | 131/600 [05:50<20:55,  2.68s/it, avr_loss=0.369]
steps:  22%|██▏       | 131/600 [05:50<20:55,  2.68s/it, avr_loss=0.37] 
steps:  22%|██▏       | 132/600 [05:53<20:53,  2.68s/it, avr_loss=0.37]
steps:  22%|██▏       | 132/600 [05:53<20:53,  2.68s/it, avr_loss=0.37]
steps:  22%|██▏       | 133/600 [05:56<20:50,  2.68s/it, avr_loss=0.37]
steps:  22%|██▏       | 133/600 [05:56<20:50,  2.68s/it, avr_loss=0.371]
steps:  22%|██▏       | 134/600 [05:58<20:47,  2.68s/it, avr_loss=0.371]
steps:  22%|██▏       | 134/600 [05:58<20:47,  2.68s/it, avr_loss=0.369]
steps:  22%|██▎       | 135/600 [06:01<20:44,  2.68s/it, avr_loss=0.369]
steps:  22%|██▎       | 135/600 [06:01<20:44,  2.68s/it, avr_loss=0.37] 
steps:  23%|██▎       | 136/600 [06:04<20:42,  2.68s/it, avr_loss=0.37]
steps:  23%|██▎       | 136/600 [06:04<20:42,  2.68s/it, avr_loss=0.371]
steps:  23%|██▎       | 137/600 [06:06<20:39,  2.68s/it, avr_loss=0.371]
steps:  23%|██▎       | 137/600 [06:06<20:39,  2.68s/it, avr_loss=0.372]
steps:  23%|██▎       | 138/600 [06:09<20:36,  2.68s/it, avr_loss=0.372]
steps:  23%|██▎       | 138/600 [06:09<20:36,  2.68s/it, avr_loss=0.372]
steps:  23%|██▎       | 139/600 [06:12<20:33,  2.68s/it, avr_loss=0.372]
steps:  23%|██▎       | 139/600 [06:12<20:33,  2.68s/it, avr_loss=0.372]
steps:  23%|██▎       | 140/600 [06:14<20:31,  2.68s/it, avr_loss=0.372]
steps:  23%|██▎       | 140/600 [06:14<20:31,  2.68s/it, avr_loss=0.372]
steps:  24%|██▎       | 141/600 [06:17<20:28,  2.68s/it, avr_loss=0.372]
steps:  24%|██▎       | 141/600 [06:17<20:28,  2.68s/it, avr_loss=0.373]
steps:  24%|██▎       | 142/600 [06:20<20:25,  2.68s/it, avr_loss=0.373]
steps:  24%|██▎       | 142/600 [06:20<20:25,  2.68s/it, avr_loss=0.372]
steps:  24%|██▍       | 143/600 [06:22<20:23,  2.68s/it, avr_loss=0.372]
steps:  24%|██▍       | 143/600 [06:22<20:23,  2.68s/it, avr_loss=0.371]
steps:  24%|██▍       | 144/600 [06:25<20:20,  2.68s/it, avr_loss=0.371]
steps:  24%|██▍       | 144/600 [06:25<20:20,  2.68s/it, avr_loss=0.371]
steps:  24%|██▍       | 145/600 [06:27<20:17,  2.68s/it, avr_loss=0.371]
steps:  24%|██▍       | 145/600 [06:27<20:17,  2.68s/it, avr_loss=0.37] 
steps:  24%|██▍       | 146/600 [06:30<20:14,  2.68s/it, avr_loss=0.37]
steps:  24%|██▍       | 146/600 [06:30<20:14,  2.68s/it, avr_loss=0.371]
steps:  24%|██▍       | 147/600 [06:33<20:11,  2.68s/it, avr_loss=0.371]
steps:  24%|██▍       | 147/600 [06:33<20:11,  2.68s/it, avr_loss=0.37] 
steps:  25%|██▍       | 148/600 [06:35<20:08,  2.67s/it, avr_loss=0.37]
steps:  25%|██▍       | 148/600 [06:35<20:08,  2.67s/it, avr_loss=0.369]
steps:  25%|██▍       | 149/600 [06:38<20:06,  2.68s/it, avr_loss=0.369]
steps:  25%|██▍       | 149/600 [06:38<20:06,  2.68s/it, avr_loss=0.369]
steps:  25%|██▌       | 150/600 [06:41<20:03,  2.68s/it, avr_loss=0.369]
steps:  25%|██▌       | 150/600 [06:41<20:03,  2.68s/it, avr_loss=0.37] 
steps:  25%|██▌       | 151/600 [06:43<20:01,  2.67s/it, avr_loss=0.37]
steps:  25%|██▌       | 151/600 [06:43<20:01,  2.67s/it, avr_loss=0.37]
steps:  25%|██▌       | 152/600 [06:46<19:58,  2.67s/it, avr_loss=0.37]
steps:  25%|██▌       | 152/600 [06:46<19:58,  2.67s/it, avr_loss=0.369]
steps:  26%|██▌       | 153/600 [06:49<19:55,  2.67s/it, avr_loss=0.369]
steps:  26%|██▌       | 153/600 [06:49<19:55,  2.67s/it, avr_loss=0.368]
steps:  26%|██▌       | 154/600 [06:51<19:52,  2.67s/it, avr_loss=0.368]
steps:  26%|██▌       | 154/600 [06:51<19:52,  2.67s/it, avr_loss=0.369]
steps:  26%|██▌       | 155/600 [06:54<19:49,  2.67s/it, avr_loss=0.369]
steps:  26%|██▌       | 155/600 [06:54<19:49,  2.67s/it, avr_loss=0.369]
steps:  26%|██▌       | 156/600 [06:57<19:47,  2.67s/it, avr_loss=0.369]
steps:  26%|██▌       | 156/600 [06:57<19:47,  2.67s/it, avr_loss=0.368]
steps:  26%|██▌       | 157/600 [06:59<19:44,  2.67s/it, avr_loss=0.368]
steps:  26%|██▌       | 157/600 [06:59<19:44,  2.67s/it, avr_loss=0.368]
steps:  26%|██▋       | 158/600 [07:02<19:41,  2.67s/it, avr_loss=0.368]
steps:  26%|██▋       | 158/600 [07:02<19:41,  2.67s/it, avr_loss=0.37] 
steps:  26%|██▋       | 159/600 [07:05<19:39,  2.67s/it, avr_loss=0.37]
steps:  26%|██▋       | 159/600 [07:05<19:39,  2.67s/it, avr_loss=0.37]
steps:  27%|██▋       | 160/600 [07:07<19:36,  2.67s/it, avr_loss=0.37]
steps:  27%|██▋       | 160/600 [07:07<19:36,  2.67s/it, avr_loss=0.37]
steps:  27%|██▋       | 161/600 [07:10<19:33,  2.67s/it, avr_loss=0.37]
steps:  27%|██▋       | 161/600 [07:10<19:33,  2.67s/it, avr_loss=0.368]
steps:  27%|██▋       | 162/600 [07:13<19:30,  2.67s/it, avr_loss=0.368]
steps:  27%|██▋       | 162/600 [07:13<19:30,  2.67s/it, avr_loss=0.368]
steps:  27%|██▋       | 163/600 [07:15<19:27,  2.67s/it, avr_loss=0.368]
steps:  27%|██▋       | 163/600 [07:15<19:27,  2.67s/it, avr_loss=0.368]
steps:  27%|██▋       | 164/600 [07:18<19:25,  2.67s/it, avr_loss=0.368]
steps:  27%|██▋       | 164/600 [07:18<19:25,  2.67s/it, avr_loss=0.367]
steps:  28%|██▊       | 165/600 [07:20<19:22,  2.67s/it, avr_loss=0.367]
steps:  28%|██▊       | 165/600 [07:20<19:22,  2.67s/it, avr_loss=0.367]
steps:  28%|██▊       | 166/600 [07:23<19:19,  2.67s/it, avr_loss=0.367]
steps:  28%|██▊       | 166/600 [07:23<19:19,  2.67s/it, avr_loss=0.367]
steps:  28%|██▊       | 167/600 [07:26<19:17,  2.67s/it, avr_loss=0.367]
steps:  28%|██▊       | 167/600 [07:26<19:17,  2.67s/it, avr_loss=0.367]
steps:  28%|██▊       | 168/600 [07:29<19:14,  2.67s/it, avr_loss=0.367]
steps:  28%|██▊       | 168/600 [07:29<19:14,  2.67s/it, avr_loss=0.366]
steps:  28%|██▊       | 169/600 [07:31<19:11,  2.67s/it, avr_loss=0.366]
steps:  28%|██▊       | 169/600 [07:31<19:11,  2.67s/it, avr_loss=0.366]
steps:  28%|██▊       | 170/600 [07:34<19:09,  2.67s/it, avr_loss=0.366]
steps:  28%|██▊       | 170/600 [07:34<19:09,  2.67s/it, avr_loss=0.367]
steps:  28%|██▊       | 171/600 [07:36<19:06,  2.67s/it, avr_loss=0.367]
steps:  28%|██▊       | 171/600 [07:36<19:06,  2.67s/it, avr_loss=0.368]
steps:  29%|██▊       | 172/600 [07:39<19:03,  2.67s/it, avr_loss=0.368]
steps:  29%|██▊       | 172/600 [07:39<19:03,  2.67s/it, avr_loss=0.368]
steps:  29%|██▉       | 173/600 [07:42<19:00,  2.67s/it, avr_loss=0.368]
steps:  29%|██▉       | 173/600 [07:42<19:00,  2.67s/it, avr_loss=0.367]
steps:  29%|██▉       | 174/600 [07:44<18:58,  2.67s/it, avr_loss=0.367]
steps:  29%|██▉       | 174/600 [07:44<18:58,  2.67s/it, avr_loss=0.366]
steps:  29%|██▉       | 175/600 [07:47<18:55,  2.67s/it, avr_loss=0.366]
steps:  29%|██▉       | 175/600 [07:47<18:55,  2.67s/it, avr_loss=0.367]
steps:  29%|██▉       | 176/600 [07:50<18:53,  2.67s/it, avr_loss=0.367]
steps:  29%|██▉       | 176/600 [07:50<18:53,  2.67s/it, avr_loss=0.367]
steps:  30%|██▉       | 177/600 [07:52<18:50,  2.67s/it, avr_loss=0.367]
steps:  30%|██▉       | 177/600 [07:52<18:50,  2.67s/it, avr_loss=0.367]
steps:  30%|██▉       | 178/600 [07:55<18:47,  2.67s/it, avr_loss=0.367]
steps:  30%|██▉       | 178/600 [07:55<18:47,  2.67s/it, avr_loss=0.367]
steps:  30%|██▉       | 179/600 [07:58<18:44,  2.67s/it, avr_loss=0.367]
steps:  30%|██▉       | 179/600 [07:58<18:44,  2.67s/it, avr_loss=0.368]
steps:  30%|███       | 180/600 [08:00<18:42,  2.67s/it, avr_loss=0.368]
steps:  30%|███       | 180/600 [08:00<18:42,  2.67s/it, avr_loss=0.367]
steps:  30%|███       | 181/600 [08:03<18:39,  2.67s/it, avr_loss=0.367]
steps:  30%|███       | 181/600 [08:03<18:39,  2.67s/it, avr_loss=0.367]
steps:  30%|███       | 182/600 [08:06<18:36,  2.67s/it, avr_loss=0.367]
steps:  30%|███       | 182/600 [08:06<18:36,  2.67s/it, avr_loss=0.367]
steps:  30%|███       | 183/600 [08:08<18:33,  2.67s/it, avr_loss=0.367]
steps:  30%|███       | 183/600 [08:08<18:33,  2.67s/it, avr_loss=0.367]
steps:  31%|███       | 184/600 [08:11<18:31,  2.67s/it, avr_loss=0.367]
steps:  31%|███       | 184/600 [08:11<18:31,  2.67s/it, avr_loss=0.367]
steps:  31%|███       | 185/600 [08:14<18:28,  2.67s/it, avr_loss=0.367]
steps:  31%|███       | 185/600 [08:14<18:28,  2.67s/it, avr_loss=0.367]
steps:  31%|███       | 186/600 [08:16<18:25,  2.67s/it, avr_loss=0.367]
steps:  31%|███       | 186/600 [08:16<18:25,  2.67s/it, avr_loss=0.366]
steps:  31%|███       | 187/600 [08:19<18:23,  2.67s/it, avr_loss=0.366]
steps:  31%|███       | 187/600 [08:19<18:23,  2.67s/it, avr_loss=0.365]
steps:  31%|███▏      | 188/600 [08:22<18:20,  2.67s/it, avr_loss=0.365]
steps:  31%|███▏      | 188/600 [08:22<18:20,  2.67s/it, avr_loss=0.366]
steps:  32%|███▏      | 189/600 [08:24<18:17,  2.67s/it, avr_loss=0.366]
steps:  32%|███▏      | 189/600 [08:24<18:17,  2.67s/it, avr_loss=0.365]
steps:  32%|███▏      | 190/600 [08:27<18:15,  2.67s/it, avr_loss=0.365]
steps:  32%|███▏      | 190/600 [08:27<18:15,  2.67s/it, avr_loss=0.366]
steps:  32%|███▏      | 191/600 [08:30<18:12,  2.67s/it, avr_loss=0.366]
steps:  32%|███▏      | 191/600 [08:30<18:12,  2.67s/it, avr_loss=0.366]
steps:  32%|███▏      | 192/600 [08:32<18:09,  2.67s/it, avr_loss=0.366]
steps:  32%|███▏      | 192/600 [08:32<18:09,  2.67s/it, avr_loss=0.366]
steps:  32%|███▏      | 193/600 [08:35<18:07,  2.67s/it, avr_loss=0.366]
steps:  32%|███▏      | 193/600 [08:35<18:07,  2.67s/it, avr_loss=0.366]
steps:  32%|███▏      | 194/600 [08:38<18:04,  2.67s/it, avr_loss=0.366]
steps:  32%|███▏      | 194/600 [08:38<18:04,  2.67s/it, avr_loss=0.366]
steps:  32%|███▎      | 195/600 [08:40<18:01,  2.67s/it, avr_loss=0.366]
steps:  32%|███▎      | 195/600 [08:40<18:01,  2.67s/it, avr_loss=0.366]
steps:  33%|███▎      | 196/600 [08:43<17:59,  2.67s/it, avr_loss=0.366]
steps:  33%|███▎      | 196/600 [08:43<17:59,  2.67s/it, avr_loss=0.367]
steps:  33%|███▎      | 197/600 [08:46<17:56,  2.67s/it, avr_loss=0.367]
steps:  33%|███▎      | 197/600 [08:46<17:56,  2.67s/it, avr_loss=0.367]
steps:  33%|███▎      | 198/600 [08:48<17:53,  2.67s/it, avr_loss=0.367]
steps:  33%|███▎      | 198/600 [08:48<17:53,  2.67s/it, avr_loss=0.366]
steps:  33%|███▎      | 199/600 [08:51<17:50,  2.67s/it, avr_loss=0.366]
steps:  33%|███▎      | 199/600 [08:51<17:50,  2.67s/it, avr_loss=0.366]
steps:  33%|███▎      | 200/600 [08:54<17:48,  2.67s/it, avr_loss=0.366]
steps:  33%|███▎      | 200/600 [08:54<17:48,  2.67s/it, avr_loss=0.366]
steps:  34%|███▎      | 201/600 [08:56<17:45,  2.67s/it, avr_loss=0.366]
steps:  34%|███▎      | 201/600 [08:56<17:45,  2.67s/it, avr_loss=0.366]
steps:  34%|███▎      | 202/600 [08:59<17:43,  2.67s/it, avr_loss=0.366]
steps:  34%|███▎      | 202/600 [08:59<17:43,  2.67s/it, avr_loss=0.365]
steps:  34%|███▍      | 203/600 [09:02<17:40,  2.67s/it, avr_loss=0.365]
steps:  34%|███▍      | 203/600 [09:02<17:40,  2.67s/it, avr_loss=0.365]
steps:  34%|███▍      | 204/600 [09:04<17:37,  2.67s/it, avr_loss=0.365]
steps:  34%|███▍      | 204/600 [09:04<17:37,  2.67s/it, avr_loss=0.364]
steps:  34%|███▍      | 205/600 [09:07<17:34,  2.67s/it, avr_loss=0.364]
steps:  34%|███▍      | 205/600 [09:07<17:34,  2.67s/it, avr_loss=0.364]
steps:  34%|███▍      | 206/600 [09:10<17:32,  2.67s/it, avr_loss=0.364]
steps:  34%|███▍      | 206/600 [09:10<17:32,  2.67s/it, avr_loss=0.364]
steps:  34%|███▍      | 207/600 [09:12<17:29,  2.67s/it, avr_loss=0.364]
steps:  34%|███▍      | 207/600 [09:12<17:29,  2.67s/it, avr_loss=0.364]
steps:  35%|███▍      | 208/600 [09:15<17:26,  2.67s/it, avr_loss=0.364]
steps:  35%|███▍      | 208/600 [09:15<17:26,  2.67s/it, avr_loss=0.364]
steps:  35%|███▍      | 209/600 [09:17<17:23,  2.67s/it, avr_loss=0.364]
steps:  35%|███▍      | 209/600 [09:17<17:23,  2.67s/it, avr_loss=0.364]
steps:  35%|███▌      | 210/600 [09:20<17:21,  2.67s/it, avr_loss=0.364]
steps:  35%|███▌      | 210/600 [09:20<17:21,  2.67s/it, avr_loss=0.366]
steps:  35%|███▌      | 211/600 [09:23<17:18,  2.67s/it, avr_loss=0.366]
steps:  35%|███▌      | 211/600 [09:23<17:18,  2.67s/it, avr_loss=0.366]
steps:  35%|███▌      | 212/600 [09:26<17:15,  2.67s/it, avr_loss=0.366]
steps:  35%|███▌      | 212/600 [09:26<17:15,  2.67s/it, avr_loss=0.365]
steps:  36%|███▌      | 213/600 [09:28<17:13,  2.67s/it, avr_loss=0.365]
steps:  36%|███▌      | 213/600 [09:28<17:13,  2.67s/it, avr_loss=0.364]
steps:  36%|███▌      | 214/600 [09:31<17:10,  2.67s/it, avr_loss=0.364]
steps:  36%|███▌      | 214/600 [09:31<17:10,  2.67s/it, avr_loss=0.364]
steps:  36%|███▌      | 215/600 [09:34<17:07,  2.67s/it, avr_loss=0.364]
steps:  36%|███▌      | 215/600 [09:34<17:07,  2.67s/it, avr_loss=0.364]
steps:  36%|███▌      | 216/600 [09:36<17:05,  2.67s/it, avr_loss=0.364]
steps:  36%|███▌      | 216/600 [09:36<17:05,  2.67s/it, avr_loss=0.364]
steps:  36%|███▌      | 217/600 [09:39<17:02,  2.67s/it, avr_loss=0.364]
steps:  36%|███▌      | 217/600 [09:39<17:02,  2.67s/it, avr_loss=0.364]
steps:  36%|███▋      | 218/600 [09:42<16:59,  2.67s/it, avr_loss=0.364]
steps:  36%|███▋      | 218/600 [09:42<16:59,  2.67s/it, avr_loss=0.364]
steps:  36%|███▋      | 219/600 [09:44<16:57,  2.67s/it, avr_loss=0.364]
steps:  36%|███▋      | 219/600 [09:44<16:57,  2.67s/it, avr_loss=0.364]
steps:  37%|███▋      | 220/600 [09:47<16:54,  2.67s/it, avr_loss=0.364]
steps:  37%|███▋      | 220/600 [09:47<16:54,  2.67s/it, avr_loss=0.363]
steps:  37%|███▋      | 221/600 [09:50<16:52,  2.67s/it, avr_loss=0.363]
steps:  37%|███▋      | 221/600 [09:50<16:52,  2.67s/it, avr_loss=0.363]
steps:  37%|███▋      | 222/600 [09:52<16:49,  2.67s/it, avr_loss=0.363]
steps:  37%|███▋      | 222/600 [09:52<16:49,  2.67s/it, avr_loss=0.363]
steps:  37%|███▋      | 223/600 [09:55<16:46,  2.67s/it, avr_loss=0.363]
steps:  37%|███▋      | 223/600 [09:55<16:46,  2.67s/it, avr_loss=0.363]
steps:  37%|███▋      | 224/600 [09:58<16:44,  2.67s/it, avr_loss=0.363]
steps:  37%|███▋      | 224/600 [09:58<16:44,  2.67s/it, avr_loss=0.363]
steps:  38%|███▊      | 225/600 [10:00<16:41,  2.67s/it, avr_loss=0.363]
steps:  38%|███▊      | 225/600 [10:00<16:41,  2.67s/it, avr_loss=0.363]
steps:  38%|███▊      | 226/600 [10:03<16:38,  2.67s/it, avr_loss=0.363]
steps:  38%|███▊      | 226/600 [10:03<16:38,  2.67s/it, avr_loss=0.363]
steps:  38%|███▊      | 227/600 [10:06<16:36,  2.67s/it, avr_loss=0.363]
steps:  38%|███▊      | 227/600 [10:06<16:36,  2.67s/it, avr_loss=0.363]
steps:  38%|███▊      | 228/600 [10:09<16:33,  2.67s/it, avr_loss=0.363]
steps:  38%|███▊      | 228/600 [10:09<16:33,  2.67s/it, avr_loss=0.363]
steps:  38%|███▊      | 229/600 [10:11<16:31,  2.67s/it, avr_loss=0.363]
steps:  38%|███▊      | 229/600 [10:11<16:31,  2.67s/it, avr_loss=0.363]
steps:  38%|███▊      | 230/600 [10:14<16:28,  2.67s/it, avr_loss=0.363]
steps:  38%|███▊      | 230/600 [10:14<16:28,  2.67s/it, avr_loss=0.363]
steps:  38%|███▊      | 231/600 [10:17<16:25,  2.67s/it, avr_loss=0.363]
steps:  38%|███▊      | 231/600 [10:17<16:25,  2.67s/it, avr_loss=0.362]
steps:  39%|███▊      | 232/600 [10:19<16:23,  2.67s/it, avr_loss=0.362]
steps:  39%|███▊      | 232/600 [10:19<16:23,  2.67s/it, avr_loss=0.362]
steps:  39%|███▉      | 233/600 [10:22<16:20,  2.67s/it, avr_loss=0.362]
steps:  39%|███▉      | 233/600 [10:22<16:20,  2.67s/it, avr_loss=0.363]
steps:  39%|███▉      | 234/600 [10:25<16:17,  2.67s/it, avr_loss=0.363]
steps:  39%|███▉      | 234/600 [10:25<16:17,  2.67s/it, avr_loss=0.362]
steps:  39%|███▉      | 235/600 [10:27<16:14,  2.67s/it, avr_loss=0.362]
steps:  39%|███▉      | 235/600 [10:27<16:14,  2.67s/it, avr_loss=0.362]
steps:  39%|███▉      | 236/600 [10:30<16:12,  2.67s/it, avr_loss=0.362]
steps:  39%|███▉      | 236/600 [10:30<16:12,  2.67s/it, avr_loss=0.362]
steps:  40%|███▉      | 237/600 [10:33<16:09,  2.67s/it, avr_loss=0.362]
steps:  40%|███▉      | 237/600 [10:33<16:09,  2.67s/it, avr_loss=0.362]
steps:  40%|███▉      | 238/600 [10:35<16:06,  2.67s/it, avr_loss=0.362]
steps:  40%|███▉      | 238/600 [10:35<16:06,  2.67s/it, avr_loss=0.363]
steps:  40%|███▉      | 239/600 [10:38<16:04,  2.67s/it, avr_loss=0.363]
steps:  40%|███▉      | 239/600 [10:38<16:04,  2.67s/it, avr_loss=0.363]
steps:  40%|████      | 240/600 [10:40<16:01,  2.67s/it, avr_loss=0.363]
steps:  40%|████      | 240/600 [10:40<16:01,  2.67s/it, avr_loss=0.363]
steps:  40%|████      | 241/600 [10:43<15:58,  2.67s/it, avr_loss=0.363]
steps:  40%|████      | 241/600 [10:43<15:58,  2.67s/it, avr_loss=0.362]
steps:  40%|████      | 242/600 [10:46<15:55,  2.67s/it, avr_loss=0.362]
steps:  40%|████      | 242/600 [10:46<15:55,  2.67s/it, avr_loss=0.363]
steps:  40%|████      | 243/600 [10:48<15:53,  2.67s/it, avr_loss=0.363]
steps:  40%|████      | 243/600 [10:48<15:53,  2.67s/it, avr_loss=0.362]
steps:  41%|████      | 244/600 [10:51<15:50,  2.67s/it, avr_loss=0.362]
steps:  41%|████      | 244/600 [10:51<15:50,  2.67s/it, avr_loss=0.362]
steps:  41%|████      | 245/600 [10:54<15:47,  2.67s/it, avr_loss=0.362]
steps:  41%|████      | 245/600 [10:54<15:47,  2.67s/it, avr_loss=0.362]
steps:  41%|████      | 246/600 [10:56<15:45,  2.67s/it, avr_loss=0.362]
steps:  41%|████      | 246/600 [10:56<15:45,  2.67s/it, avr_loss=0.361]
steps:  41%|████      | 247/600 [10:59<15:42,  2.67s/it, avr_loss=0.361]
steps:  41%|████      | 247/600 [10:59<15:42,  2.67s/it, avr_loss=0.361]
steps:  41%|████▏     | 248/600 [11:01<15:39,  2.67s/it, avr_loss=0.361]
steps:  41%|████▏     | 248/600 [11:01<15:39,  2.67s/it, avr_loss=0.361]
steps:  42%|████▏     | 249/600 [11:04<15:36,  2.67s/it, avr_loss=0.361]
steps:  42%|████▏     | 249/600 [11:04<15:36,  2.67s/it, avr_loss=0.361]
steps:  42%|████▏     | 250/600 [11:07<15:34,  2.67s/it, avr_loss=0.361]
steps:  42%|████▏     | 250/600 [11:07<15:34,  2.67s/it, avr_loss=0.361]
steps:  42%|████▏     | 251/600 [11:09<15:31,  2.67s/it, avr_loss=0.361]
steps:  42%|████▏     | 251/600 [11:09<15:31,  2.67s/it, avr_loss=0.361]
steps:  42%|████▏     | 252/600 [11:12<15:28,  2.67s/it, avr_loss=0.361]
steps:  42%|████▏     | 252/600 [11:12<15:28,  2.67s/it, avr_loss=0.361]
steps:  42%|████▏     | 253/600 [11:15<15:25,  2.67s/it, avr_loss=0.361]
steps:  42%|████▏     | 253/600 [11:15<15:25,  2.67s/it, avr_loss=0.361]
steps:  42%|████▏     | 254/600 [11:17<15:23,  2.67s/it, avr_loss=0.361]
steps:  42%|████▏     | 254/600 [11:17<15:23,  2.67s/it, avr_loss=0.361]
steps:  42%|████▎     | 255/600 [11:20<15:20,  2.67s/it, avr_loss=0.361]
steps:  42%|████▎     | 255/600 [11:20<15:20,  2.67s/it, avr_loss=0.361]
steps:  43%|████▎     | 256/600 [11:23<15:17,  2.67s/it, avr_loss=0.361]
steps:  43%|████▎     | 256/600 [11:23<15:17,  2.67s/it, avr_loss=0.362]
steps:  43%|████▎     | 257/600 [11:25<15:15,  2.67s/it, avr_loss=0.362]
steps:  43%|████▎     | 257/600 [11:25<15:15,  2.67s/it, avr_loss=0.362]
steps:  43%|████▎     | 258/600 [11:28<15:12,  2.67s/it, avr_loss=0.362]
steps:  43%|████▎     | 258/600 [11:28<15:12,  2.67s/it, avr_loss=0.361]
steps:  43%|████▎     | 259/600 [11:30<15:09,  2.67s/it, avr_loss=0.361]
steps:  43%|████▎     | 259/600 [11:30<15:09,  2.67s/it, avr_loss=0.361]
steps:  43%|████▎     | 260/600 [11:33<15:07,  2.67s/it, avr_loss=0.361]
steps:  43%|████▎     | 260/600 [11:33<15:07,  2.67s/it, avr_loss=0.361]
steps:  44%|████▎     | 261/600 [11:36<15:04,  2.67s/it, avr_loss=0.361]
steps:  44%|████▎     | 261/600 [11:36<15:04,  2.67s/it, avr_loss=0.36] 
steps:  44%|████▎     | 262/600 [11:38<15:01,  2.67s/it, avr_loss=0.36]
steps:  44%|████▎     | 262/600 [11:38<15:01,  2.67s/it, avr_loss=0.359]
steps:  44%|████▍     | 263/600 [11:41<14:58,  2.67s/it, avr_loss=0.359]
steps:  44%|████▍     | 263/600 [11:41<14:58,  2.67s/it, avr_loss=0.359]
steps:  44%|████▍     | 264/600 [11:44<14:56,  2.67s/it, avr_loss=0.359]
steps:  44%|████▍     | 264/600 [11:44<14:56,  2.67s/it, avr_loss=0.36] 
steps:  44%|████▍     | 265/600 [11:46<14:53,  2.67s/it, avr_loss=0.36]
steps:  44%|████▍     | 265/600 [11:46<14:53,  2.67s/it, avr_loss=0.36]
steps:  44%|████▍     | 266/600 [11:49<14:50,  2.67s/it, avr_loss=0.36]
steps:  44%|████▍     | 266/600 [11:49<14:50,  2.67s/it, avr_loss=0.36]
steps:  44%|████▍     | 267/600 [11:52<14:48,  2.67s/it, avr_loss=0.36]
steps:  44%|████▍     | 267/600 [11:52<14:48,  2.67s/it, avr_loss=0.361]
steps:  45%|████▍     | 268/600 [11:54<14:45,  2.67s/it, avr_loss=0.361]
steps:  45%|████▍     | 268/600 [11:54<14:45,  2.67s/it, avr_loss=0.361]
steps:  45%|████▍     | 269/600 [11:57<14:42,  2.67s/it, avr_loss=0.361]
steps:  45%|████▍     | 269/600 [11:57<14:42,  2.67s/it, avr_loss=0.36] 
steps:  45%|████▌     | 270/600 [11:59<14:39,  2.67s/it, avr_loss=0.36]
steps:  45%|████▌     | 270/600 [11:59<14:39,  2.67s/it, avr_loss=0.36]
steps:  45%|████▌     | 271/600 [12:02<14:37,  2.67s/it, avr_loss=0.36]
steps:  45%|████▌     | 271/600 [12:02<14:37,  2.67s/it, avr_loss=0.36]
steps:  45%|████▌     | 272/600 [12:05<14:34,  2.67s/it, avr_loss=0.36]
steps:  45%|████▌     | 272/600 [12:05<14:34,  2.67s/it, avr_loss=0.36]
steps:  46%|████▌     | 273/600 [12:07<14:31,  2.67s/it, avr_loss=0.36]
steps:  46%|████▌     | 273/600 [12:07<14:31,  2.67s/it, avr_loss=0.36]
steps:  46%|████▌     | 274/600 [12:10<14:29,  2.67s/it, avr_loss=0.36]
steps:  46%|████▌     | 274/600 [12:10<14:29,  2.67s/it, avr_loss=0.36]
steps:  46%|████▌     | 275/600 [12:13<14:26,  2.67s/it, avr_loss=0.36]
steps:  46%|████▌     | 275/600 [12:13<14:26,  2.67s/it, avr_loss=0.361]
steps:  46%|████▌     | 276/600 [12:15<14:23,  2.67s/it, avr_loss=0.361]
steps:  46%|████▌     | 276/600 [12:15<14:23,  2.67s/it, avr_loss=0.361]
steps:  46%|████▌     | 277/600 [12:18<14:21,  2.67s/it, avr_loss=0.361]
steps:  46%|████▌     | 277/600 [12:18<14:21,  2.67s/it, avr_loss=0.361]
steps:  46%|████▋     | 278/600 [12:21<14:18,  2.67s/it, avr_loss=0.361]
steps:  46%|████▋     | 278/600 [12:21<14:18,  2.67s/it, avr_loss=0.362]
steps:  46%|████▋     | 279/600 [12:23<14:15,  2.67s/it, avr_loss=0.362]
steps:  46%|████▋     | 279/600 [12:23<14:15,  2.67s/it, avr_loss=0.362]
steps:  47%|████▋     | 280/600 [12:26<14:13,  2.67s/it, avr_loss=0.362]
steps:  47%|████▋     | 280/600 [12:26<14:13,  2.67s/it, avr_loss=0.363]
steps:  47%|████▋     | 281/600 [12:29<14:10,  2.67s/it, avr_loss=0.363]
steps:  47%|████▋     | 281/600 [12:29<14:10,  2.67s/it, avr_loss=0.363]
steps:  47%|████▋     | 282/600 [12:31<14:07,  2.67s/it, avr_loss=0.363]
steps:  47%|████▋     | 282/600 [12:31<14:07,  2.67s/it, avr_loss=0.363]
steps:  47%|████▋     | 283/600 [12:34<14:04,  2.67s/it, avr_loss=0.363]
steps:  47%|████▋     | 283/600 [12:34<14:04,  2.67s/it, avr_loss=0.363]
steps:  47%|████▋     | 284/600 [12:36<14:02,  2.67s/it, avr_loss=0.363]
steps:  47%|████▋     | 284/600 [12:36<14:02,  2.67s/it, avr_loss=0.363]
steps:  48%|████▊     | 285/600 [12:39<13:59,  2.67s/it, avr_loss=0.363]
steps:  48%|████▊     | 285/600 [12:39<13:59,  2.67s/it, avr_loss=0.363]
steps:  48%|████▊     | 286/600 [12:42<13:56,  2.66s/it, avr_loss=0.363]
steps:  48%|████▊     | 286/600 [12:42<13:56,  2.66s/it, avr_loss=0.363]
steps:  48%|████▊     | 287/600 [12:44<13:54,  2.66s/it, avr_loss=0.363]
steps:  48%|████▊     | 287/600 [12:44<13:54,  2.66s/it, avr_loss=0.363]
steps:  48%|████▊     | 288/600 [12:47<13:51,  2.66s/it, avr_loss=0.363]
steps:  48%|████▊     | 288/600 [12:47<13:51,  2.66s/it, avr_loss=0.362]
steps:  48%|████▊     | 289/600 [12:50<13:48,  2.66s/it, avr_loss=0.362]
steps:  48%|████▊     | 289/600 [12:50<13:48,  2.66s/it, avr_loss=0.362]
steps:  48%|████▊     | 290/600 [12:52<13:46,  2.66s/it, avr_loss=0.362]
steps:  48%|████▊     | 290/600 [12:52<13:46,  2.66s/it, avr_loss=0.362]
steps:  48%|████▊     | 291/600 [12:55<13:43,  2.66s/it, avr_loss=0.362]
steps:  48%|████▊     | 291/600 [12:55<13:43,  2.66s/it, avr_loss=0.362]
steps:  49%|████▊     | 292/600 [12:58<13:40,  2.66s/it, avr_loss=0.362]
steps:  49%|████▊     | 292/600 [12:58<13:40,  2.66s/it, avr_loss=0.362]
steps:  49%|████▉     | 293/600 [13:00<13:37,  2.66s/it, avr_loss=0.362]
steps:  49%|████▉     | 293/600 [13:00<13:37,  2.66s/it, avr_loss=0.361]
steps:  49%|████▉     | 294/600 [13:03<13:35,  2.66s/it, avr_loss=0.361]
steps:  49%|████▉     | 294/600 [13:03<13:35,  2.66s/it, avr_loss=0.361]
steps:  49%|████▉     | 295/600 [13:05<13:32,  2.66s/it, avr_loss=0.361]
steps:  49%|████▉     | 295/600 [13:05<13:32,  2.66s/it, avr_loss=0.361]
steps:  49%|████▉     | 296/600 [13:08<13:29,  2.66s/it, avr_loss=0.361]
steps:  49%|████▉     | 296/600 [13:08<13:29,  2.66s/it, avr_loss=0.36] 
steps:  50%|████▉     | 297/600 [13:11<13:27,  2.66s/it, avr_loss=0.36]
steps:  50%|████▉     | 297/600 [13:11<13:27,  2.66s/it, avr_loss=0.36]
steps:  50%|████▉     | 298/600 [13:13<13:24,  2.66s/it, avr_loss=0.36]
steps:  50%|████▉     | 298/600 [13:13<13:24,  2.66s/it, avr_loss=0.361]
steps:  50%|████▉     | 299/600 [13:16<13:21,  2.66s/it, avr_loss=0.361]
steps:  50%|████▉     | 299/600 [13:16<13:21,  2.66s/it, avr_loss=0.361]
steps:  50%|█████     | 300/600 [13:19<13:19,  2.66s/it, avr_loss=0.361]
steps:  50%|█████     | 300/600 [13:19<13:19,  2.66s/it, avr_loss=0.361]
steps:  50%|█████     | 301/600 [13:21<13:16,  2.66s/it, avr_loss=0.361]
steps:  50%|█████     | 301/600 [13:21<13:16,  2.66s/it, avr_loss=0.362]
steps:  50%|█████     | 302/600 [13:24<13:13,  2.66s/it, avr_loss=0.362]
steps:  50%|█████     | 302/600 [13:24<13:13,  2.66s/it, avr_loss=0.362]
steps:  50%|█████     | 303/600 [13:26<13:10,  2.66s/it, avr_loss=0.362]
steps:  50%|█████     | 303/600 [13:26<13:10,  2.66s/it, avr_loss=0.362]
steps:  51%|█████     | 304/600 [13:29<13:08,  2.66s/it, avr_loss=0.362]
steps:  51%|█████     | 304/600 [13:29<13:08,  2.66s/it, avr_loss=0.362]
steps:  51%|█████     | 305/600 [13:32<13:05,  2.66s/it, avr_loss=0.362]
steps:  51%|█████     | 305/600 [13:32<13:05,  2.66s/it, avr_loss=0.361]
steps:  51%|█████     | 306/600 [13:34<13:02,  2.66s/it, avr_loss=0.361]
steps:  51%|█████     | 306/600 [13:34<13:02,  2.66s/it, avr_loss=0.361]
steps:  51%|█████     | 307/600 [13:37<13:00,  2.66s/it, avr_loss=0.361]
steps:  51%|█████     | 307/600 [13:37<13:00,  2.66s/it, avr_loss=0.361]
steps:  51%|█████▏    | 308/600 [13:40<12:57,  2.66s/it, avr_loss=0.361]
steps:  51%|█████▏    | 308/600 [13:40<12:57,  2.66s/it, avr_loss=0.361]
steps:  52%|█████▏    | 309/600 [13:42<12:54,  2.66s/it, avr_loss=0.361]
steps:  52%|█████▏    | 309/600 [13:42<12:54,  2.66s/it, avr_loss=0.361]
steps:  52%|█████▏    | 310/600 [13:45<12:52,  2.66s/it, avr_loss=0.361]
steps:  52%|█████▏    | 310/600 [13:45<12:52,  2.66s/it, avr_loss=0.361]
steps:  52%|█████▏    | 311/600 [13:47<12:49,  2.66s/it, avr_loss=0.361]
steps:  52%|█████▏    | 311/600 [13:47<12:49,  2.66s/it, avr_loss=0.361]
steps:  52%|█████▏    | 312/600 [13:50<12:46,  2.66s/it, avr_loss=0.361]
steps:  52%|█████▏    | 312/600 [13:50<12:46,  2.66s/it, avr_loss=0.361]
steps:  52%|█████▏    | 313/600 [13:53<12:43,  2.66s/it, avr_loss=0.361]
steps:  52%|█████▏    | 313/600 [13:53<12:43,  2.66s/it, avr_loss=0.362]
steps:  52%|█████▏    | 314/600 [13:55<12:41,  2.66s/it, avr_loss=0.362]
steps:  52%|█████▏    | 314/600 [13:55<12:41,  2.66s/it, avr_loss=0.362]
steps:  52%|█████▎    | 315/600 [13:58<12:38,  2.66s/it, avr_loss=0.362]
steps:  52%|█████▎    | 315/600 [13:58<12:38,  2.66s/it, avr_loss=0.362]
steps:  53%|█████▎    | 316/600 [14:01<12:35,  2.66s/it, avr_loss=0.362]
steps:  53%|█████▎    | 316/600 [14:01<12:35,  2.66s/it, avr_loss=0.362]
steps:  53%|█████▎    | 317/600 [14:03<12:33,  2.66s/it, avr_loss=0.362]
steps:  53%|█████▎    | 317/600 [14:03<12:33,  2.66s/it, avr_loss=0.361]
steps:  53%|█████▎    | 318/600 [14:06<12:30,  2.66s/it, avr_loss=0.361]
steps:  53%|█████▎    | 318/600 [14:06<12:30,  2.66s/it, avr_loss=0.361]
steps:  53%|█████▎    | 319/600 [14:09<12:27,  2.66s/it, avr_loss=0.361]
steps:  53%|█████▎    | 319/600 [14:09<12:27,  2.66s/it, avr_loss=0.361]
steps:  53%|█████▎    | 320/600 [14:11<12:25,  2.66s/it, avr_loss=0.361]
steps:  53%|█████▎    | 320/600 [14:11<12:25,  2.66s/it, avr_loss=0.361]2026-06-03 12:08:21 INFO     epoch is incremented.            train_util.py:791
                             current_epoch: 1, epoch: 2                        

steps:  54%|█████▎    | 321/600 [14:14<12:22,  2.66s/it, avr_loss=0.361]
steps:  54%|█████▎    | 321/600 [14:14<12:22,  2.66s/it, avr_loss=0.36] 
steps:  54%|█████▎    | 322/600 [14:16<12:19,  2.66s/it, avr_loss=0.36]
steps:  54%|█████▎    | 322/600 [14:16<12:19,  2.66s/it, avr_loss=0.36]
steps:  54%|█████▍    | 323/600 [14:19<12:17,  2.66s/it, avr_loss=0.36]
steps:  54%|█████▍    | 323/600 [14:19<12:17,  2.66s/it, avr_loss=0.36]
steps:  54%|█████▍    | 324/600 [14:22<12:14,  2.66s/it, avr_loss=0.36]
steps:  54%|█████▍    | 324/600 [14:22<12:14,  2.66s/it, avr_loss=0.36]
steps:  54%|█████▍    | 325/600 [14:24<12:11,  2.66s/it, avr_loss=0.36]
steps:  54%|█████▍    | 325/600 [14:24<12:11,  2.66s/it, avr_loss=0.361]
steps:  54%|█████▍    | 326/600 [14:27<12:09,  2.66s/it, avr_loss=0.361]
steps:  54%|█████▍    | 326/600 [14:27<12:09,  2.66s/it, avr_loss=0.361]
steps:  55%|█████▍    | 327/600 [14:30<12:06,  2.66s/it, avr_loss=0.361]
steps:  55%|█████▍    | 327/600 [14:30<12:06,  2.66s/it, avr_loss=0.361]
steps:  55%|█████▍    | 328/600 [14:32<12:03,  2.66s/it, avr_loss=0.361]
steps:  55%|█████▍    | 328/600 [14:32<12:03,  2.66s/it, avr_loss=0.361]
steps:  55%|█████▍    | 329/600 [14:35<12:01,  2.66s/it, avr_loss=0.361]
steps:  55%|█████▍    | 329/600 [14:35<12:01,  2.66s/it, avr_loss=0.361]
steps:  55%|█████▌    | 330/600 [14:37<11:58,  2.66s/it, avr_loss=0.361]
steps:  55%|█████▌    | 330/600 [14:37<11:58,  2.66s/it, avr_loss=0.361]
steps:  55%|█████▌    | 331/600 [14:40<11:55,  2.66s/it, avr_loss=0.361]
steps:  55%|█████▌    | 331/600 [14:40<11:55,  2.66s/it, avr_loss=0.361]
steps:  55%|█████▌    | 332/600 [14:43<11:52,  2.66s/it, avr_loss=0.361]
steps:  55%|█████▌    | 332/600 [14:43<11:52,  2.66s/it, avr_loss=0.36] 
steps:  56%|█████▌    | 333/600 [14:45<11:50,  2.66s/it, avr_loss=0.36]
steps:  56%|█████▌    | 333/600 [14:45<11:50,  2.66s/it, avr_loss=0.36]
steps:  56%|█████▌    | 334/600 [14:48<11:47,  2.66s/it, avr_loss=0.36]
steps:  56%|█████▌    | 334/600 [14:48<11:47,  2.66s/it, avr_loss=0.361]
steps:  56%|█████▌    | 335/600 [14:51<11:44,  2.66s/it, avr_loss=0.361]
steps:  56%|█████▌    | 335/600 [14:51<11:44,  2.66s/it, avr_loss=0.361]
steps:  56%|█████▌    | 336/600 [14:53<11:42,  2.66s/it, avr_loss=0.361]
steps:  56%|█████▌    | 336/600 [14:53<11:42,  2.66s/it, avr_loss=0.361]
steps:  56%|█████▌    | 337/600 [14:56<11:39,  2.66s/it, avr_loss=0.361]
steps:  56%|█████▌    | 337/600 [14:56<11:39,  2.66s/it, avr_loss=0.36] 
steps:  56%|█████▋    | 338/600 [14:59<11:36,  2.66s/it, avr_loss=0.36]
steps:  56%|█████▋    | 338/600 [14:59<11:36,  2.66s/it, avr_loss=0.36]
steps:  56%|█████▋    | 339/600 [15:01<11:34,  2.66s/it, avr_loss=0.36]
steps:  56%|█████▋    | 339/600 [15:01<11:34,  2.66s/it, avr_loss=0.36]
steps:  57%|█████▋    | 340/600 [15:04<11:31,  2.66s/it, avr_loss=0.36]
steps:  57%|█████▋    | 340/600 [15:04<11:31,  2.66s/it, avr_loss=0.36]
steps:  57%|█████▋    | 341/600 [15:06<11:28,  2.66s/it, avr_loss=0.36]
steps:  57%|█████▋    | 341/600 [15:06<11:28,  2.66s/it, avr_loss=0.36]
steps:  57%|█████▋    | 342/600 [15:09<11:26,  2.66s/it, avr_loss=0.36]
steps:  57%|█████▋    | 342/600 [15:09<11:26,  2.66s/it, avr_loss=0.359]
steps:  57%|█████▋    | 343/600 [15:12<11:23,  2.66s/it, avr_loss=0.359]
steps:  57%|█████▋    | 343/600 [15:12<11:23,  2.66s/it, avr_loss=0.36] 
steps:  57%|█████▋    | 344/600 [15:14<11:20,  2.66s/it, avr_loss=0.36]
steps:  57%|█████▋    | 344/600 [15:14<11:20,  2.66s/it, avr_loss=0.36]
steps:  57%|█████▊    | 345/600 [15:17<11:18,  2.66s/it, avr_loss=0.36]
steps:  57%|█████▊    | 345/600 [15:17<11:18,  2.66s/it, avr_loss=0.361]
steps:  58%|█████▊    | 346/600 [15:20<11:15,  2.66s/it, avr_loss=0.361]
steps:  58%|█████▊    | 346/600 [15:20<11:15,  2.66s/it, avr_loss=0.36] 
steps:  58%|█████▊    | 347/600 [15:22<11:12,  2.66s/it, avr_loss=0.36]
steps:  58%|█████▊    | 347/600 [15:22<11:12,  2.66s/it, avr_loss=0.36]
steps:  58%|█████▊    | 348/600 [15:25<11:10,  2.66s/it, avr_loss=0.36]
steps:  58%|█████▊    | 348/600 [15:25<11:10,  2.66s/it, avr_loss=0.36]
steps:  58%|█████▊    | 349/600 [15:27<11:07,  2.66s/it, avr_loss=0.36]
steps:  58%|█████▊    | 349/600 [15:27<11:07,  2.66s/it, avr_loss=0.36]
steps:  58%|█████▊    | 350/600 [15:30<11:04,  2.66s/it, avr_loss=0.36]
steps:  58%|█████▊    | 350/600 [15:30<11:04,  2.66s/it, avr_loss=0.36]
steps:  58%|█████▊    | 351/600 [15:33<11:02,  2.66s/it, avr_loss=0.36]
steps:  58%|█████▊    | 351/600 [15:33<11:02,  2.66s/it, avr_loss=0.36]
steps:  59%|█████▊    | 352/600 [15:35<10:59,  2.66s/it, avr_loss=0.36]
steps:  59%|█████▊    | 352/600 [15:35<10:59,  2.66s/it, avr_loss=0.36]
steps:  59%|█████▉    | 353/600 [15:38<10:56,  2.66s/it, avr_loss=0.36]
steps:  59%|█████▉    | 353/600 [15:38<10:56,  2.66s/it, avr_loss=0.36]
steps:  59%|█████▉    | 354/600 [15:41<10:54,  2.66s/it, avr_loss=0.36]
steps:  59%|█████▉    | 354/600 [15:41<10:54,  2.66s/it, avr_loss=0.36]
steps:  59%|█████▉    | 355/600 [15:43<10:51,  2.66s/it, avr_loss=0.36]
steps:  59%|█████▉    | 355/600 [15:43<10:51,  2.66s/it, avr_loss=0.36]
steps:  59%|█████▉    | 356/600 [15:46<10:48,  2.66s/it, avr_loss=0.36]
steps:  59%|█████▉    | 356/600 [15:46<10:48,  2.66s/it, avr_loss=0.36]
steps:  60%|█████▉    | 357/600 [15:49<10:45,  2.66s/it, avr_loss=0.36]
steps:  60%|█████▉    | 357/600 [15:49<10:45,  2.66s/it, avr_loss=0.361]
steps:  60%|█████▉    | 358/600 [15:51<10:43,  2.66s/it, avr_loss=0.361]
steps:  60%|█████▉    | 358/600 [15:51<10:43,  2.66s/it, avr_loss=0.36] 
steps:  60%|█████▉    | 359/600 [15:54<10:40,  2.66s/it, avr_loss=0.36]
steps:  60%|█████▉    | 359/600 [15:54<10:40,  2.66s/it, avr_loss=0.36]
steps:  60%|██████    | 360/600 [15:57<10:38,  2.66s/it, avr_loss=0.36]
steps:  60%|██████    | 360/600 [15:57<10:38,  2.66s/it, avr_loss=0.36]
steps:  60%|██████    | 361/600 [15:59<10:35,  2.66s/it, avr_loss=0.36]
steps:  60%|██████    | 361/600 [15:59<10:35,  2.66s/it, avr_loss=0.361]
steps:  60%|██████    | 362/600 [16:02<10:32,  2.66s/it, avr_loss=0.361]
steps:  60%|██████    | 362/600 [16:02<10:32,  2.66s/it, avr_loss=0.361]
steps:  60%|██████    | 363/600 [16:04<10:29,  2.66s/it, avr_loss=0.361]
steps:  60%|██████    | 363/600 [16:04<10:29,  2.66s/it, avr_loss=0.362]
steps:  61%|██████    | 364/600 [16:07<10:27,  2.66s/it, avr_loss=0.362]
steps:  61%|██████    | 364/600 [16:07<10:27,  2.66s/it, avr_loss=0.362]
steps:  61%|██████    | 365/600 [16:10<10:24,  2.66s/it, avr_loss=0.362]
steps:  61%|██████    | 365/600 [16:10<10:24,  2.66s/it, avr_loss=0.362]
steps:  61%|██████    | 366/600 [16:12<10:21,  2.66s/it, avr_loss=0.362]
steps:  61%|██████    | 366/600 [16:12<10:21,  2.66s/it, avr_loss=0.361]
steps:  61%|██████    | 367/600 [16:15<10:19,  2.66s/it, avr_loss=0.361]
steps:  61%|██████    | 367/600 [16:15<10:19,  2.66s/it, avr_loss=0.362]
steps:  61%|██████▏   | 368/600 [16:18<10:16,  2.66s/it, avr_loss=0.362]
steps:  61%|██████▏   | 368/600 [16:18<10:16,  2.66s/it, avr_loss=0.361]
steps:  62%|██████▏   | 369/600 [16:20<10:14,  2.66s/it, avr_loss=0.361]
steps:  62%|██████▏   | 369/600 [16:20<10:14,  2.66s/it, avr_loss=0.361]
steps:  62%|██████▏   | 370/600 [16:23<10:11,  2.66s/it, avr_loss=0.361]
steps:  62%|██████▏   | 370/600 [16:23<10:11,  2.66s/it, avr_loss=0.36] 
steps:  62%|██████▏   | 371/600 [16:26<10:08,  2.66s/it, avr_loss=0.36]
steps:  62%|██████▏   | 371/600 [16:26<10:08,  2.66s/it, avr_loss=0.361]
steps:  62%|██████▏   | 372/600 [16:28<10:06,  2.66s/it, avr_loss=0.361]
steps:  62%|██████▏   | 372/600 [16:28<10:06,  2.66s/it, avr_loss=0.36] 
steps:  62%|██████▏   | 373/600 [16:31<10:03,  2.66s/it, avr_loss=0.36]
steps:  62%|██████▏   | 373/600 [16:31<10:03,  2.66s/it, avr_loss=0.359]
steps:  62%|██████▏   | 374/600 [16:34<10:00,  2.66s/it, avr_loss=0.359]
steps:  62%|██████▏   | 374/600 [16:34<10:00,  2.66s/it, avr_loss=0.358]
steps:  62%|██████▎   | 375/600 [16:36<09:57,  2.66s/it, avr_loss=0.358]
steps:  62%|██████▎   | 375/600 [16:36<09:58,  2.66s/it, avr_loss=0.357]
steps:  63%|██████▎   | 376/600 [16:39<09:55,  2.66s/it, avr_loss=0.357]
steps:  63%|██████▎   | 376/600 [16:39<09:55,  2.66s/it, avr_loss=0.356]
steps:  63%|██████▎   | 377/600 [16:42<09:52,  2.66s/it, avr_loss=0.356]
steps:  63%|██████▎   | 377/600 [16:42<09:52,  2.66s/it, avr_loss=0.357]
steps:  63%|██████▎   | 378/600 [16:44<09:50,  2.66s/it, avr_loss=0.357]
steps:  63%|██████▎   | 378/600 [16:44<09:50,  2.66s/it, avr_loss=0.356]
steps:  63%|██████▎   | 379/600 [16:47<09:47,  2.66s/it, avr_loss=0.356]
steps:  63%|██████▎   | 379/600 [16:47<09:47,  2.66s/it, avr_loss=0.356]
steps:  63%|██████▎   | 380/600 [16:49<09:44,  2.66s/it, avr_loss=0.356]
steps:  63%|██████▎   | 380/600 [16:49<09:44,  2.66s/it, avr_loss=0.356]
steps:  64%|██████▎   | 381/600 [16:52<09:41,  2.66s/it, avr_loss=0.356]
steps:  64%|██████▎   | 381/600 [16:52<09:41,  2.66s/it, avr_loss=0.355]
steps:  64%|██████▎   | 382/600 [16:55<09:39,  2.66s/it, avr_loss=0.355]
steps:  64%|██████▎   | 382/600 [16:55<09:39,  2.66s/it, avr_loss=0.355]
steps:  64%|██████▍   | 383/600 [16:57<09:36,  2.66s/it, avr_loss=0.355]
steps:  64%|██████▍   | 383/600 [16:57<09:36,  2.66s/it, avr_loss=0.355]
steps:  64%|██████▍   | 384/600 [17:00<09:33,  2.66s/it, avr_loss=0.355]
steps:  64%|██████▍   | 384/600 [17:00<09:33,  2.66s/it, avr_loss=0.356]
steps:  64%|██████▍   | 385/600 [17:03<09:31,  2.66s/it, avr_loss=0.356]
steps:  64%|██████▍   | 385/600 [17:03<09:31,  2.66s/it, avr_loss=0.356]
steps:  64%|██████▍   | 386/600 [17:05<09:28,  2.66s/it, avr_loss=0.356]
steps:  64%|██████▍   | 386/600 [17:05<09:28,  2.66s/it, avr_loss=0.357]
steps:  64%|██████▍   | 387/600 [17:08<09:25,  2.66s/it, avr_loss=0.357]
steps:  64%|██████▍   | 387/600 [17:08<09:25,  2.66s/it, avr_loss=0.356]
steps:  65%|██████▍   | 388/600 [17:10<09:23,  2.66s/it, avr_loss=0.356]
steps:  65%|██████▍   | 388/600 [17:10<09:23,  2.66s/it, avr_loss=0.356]
steps:  65%|██████▍   | 389/600 [17:13<09:20,  2.66s/it, avr_loss=0.356]
steps:  65%|██████▍   | 389/600 [17:13<09:20,  2.66s/it, avr_loss=0.356]
steps:  65%|██████▌   | 390/600 [17:16<09:17,  2.66s/it, avr_loss=0.356]
steps:  65%|██████▌   | 390/600 [17:16<09:17,  2.66s/it, avr_loss=0.356]
steps:  65%|██████▌   | 391/600 [17:18<09:15,  2.66s/it, avr_loss=0.356]
steps:  65%|██████▌   | 391/600 [17:18<09:15,  2.66s/it, avr_loss=0.355]
steps:  65%|██████▌   | 392/600 [17:21<09:12,  2.66s/it, avr_loss=0.355]
steps:  65%|██████▌   | 392/600 [17:21<09:12,  2.66s/it, avr_loss=0.356]
steps:  66%|██████▌   | 393/600 [17:24<09:09,  2.66s/it, avr_loss=0.356]
steps:  66%|██████▌   | 393/600 [17:24<09:09,  2.66s/it, avr_loss=0.356]
steps:  66%|██████▌   | 394/600 [17:26<09:07,  2.66s/it, avr_loss=0.356]
steps:  66%|██████▌   | 394/600 [17:26<09:07,  2.66s/it, avr_loss=0.356]
steps:  66%|██████▌   | 395/600 [17:29<09:04,  2.66s/it, avr_loss=0.356]
steps:  66%|██████▌   | 395/600 [17:29<09:04,  2.66s/it, avr_loss=0.356]
steps:  66%|██████▌   | 396/600 [17:32<09:01,  2.66s/it, avr_loss=0.356]
steps:  66%|██████▌   | 396/600 [17:32<09:01,  2.66s/it, avr_loss=0.355]
steps:  66%|██████▌   | 397/600 [17:34<08:59,  2.66s/it, avr_loss=0.355]
steps:  66%|██████▌   | 397/600 [17:34<08:59,  2.66s/it, avr_loss=0.355]
steps:  66%|██████▋   | 398/600 [17:37<08:56,  2.66s/it, avr_loss=0.355]
steps:  66%|██████▋   | 398/600 [17:37<08:56,  2.66s/it, avr_loss=0.356]
steps:  66%|██████▋   | 399/600 [17:39<08:53,  2.66s/it, avr_loss=0.356]
steps:  66%|██████▋   | 399/600 [17:39<08:53,  2.66s/it, avr_loss=0.356]
steps:  67%|██████▋   | 400/600 [17:42<08:51,  2.66s/it, avr_loss=0.356]
steps:  67%|██████▋   | 400/600 [17:42<08:51,  2.66s/it, avr_loss=0.355]
steps:  67%|██████▋   | 401/600 [17:45<08:48,  2.66s/it, avr_loss=0.355]
steps:  67%|██████▋   | 401/600 [17:45<08:48,  2.66s/it, avr_loss=0.354]
steps:  67%|██████▋   | 402/600 [17:47<08:45,  2.66s/it, avr_loss=0.354]
steps:  67%|██████▋   | 402/600 [17:47<08:45,  2.66s/it, avr_loss=0.353]
steps:  67%|██████▋   | 403/600 [17:50<08:43,  2.66s/it, avr_loss=0.353]
steps:  67%|██████▋   | 403/600 [17:50<08:43,  2.66s/it, avr_loss=0.353]
steps:  67%|██████▋   | 404/600 [17:53<08:40,  2.66s/it, avr_loss=0.353]
steps:  67%|██████▋   | 404/600 [17:53<08:40,  2.66s/it, avr_loss=0.353]
steps:  68%|██████▊   | 405/600 [17:55<08:37,  2.66s/it, avr_loss=0.353]
steps:  68%|██████▊   | 405/600 [17:55<08:37,  2.66s/it, avr_loss=0.353]
steps:  68%|██████▊   | 406/600 [17:58<08:35,  2.66s/it, avr_loss=0.353]
steps:  68%|██████▊   | 406/600 [17:58<08:35,  2.66s/it, avr_loss=0.353]
steps:  68%|██████▊   | 407/600 [18:00<08:32,  2.66s/it, avr_loss=0.353]
steps:  68%|██████▊   | 407/600 [18:00<08:32,  2.66s/it, avr_loss=0.354]
steps:  68%|██████▊   | 408/600 [18:03<08:29,  2.66s/it, avr_loss=0.354]
steps:  68%|██████▊   | 408/600 [18:03<08:29,  2.66s/it, avr_loss=0.354]
steps:  68%|██████▊   | 409/600 [18:06<08:27,  2.66s/it, avr_loss=0.354]
steps:  68%|██████▊   | 409/600 [18:06<08:27,  2.66s/it, avr_loss=0.354]
steps:  68%|██████▊   | 410/600 [18:08<08:24,  2.66s/it, avr_loss=0.354]
steps:  68%|██████▊   | 410/600 [18:08<08:24,  2.66s/it, avr_loss=0.354]
steps:  68%|██████▊   | 411/600 [18:11<08:21,  2.66s/it, avr_loss=0.354]
steps:  68%|██████▊   | 411/600 [18:11<08:21,  2.66s/it, avr_loss=0.354]
steps:  69%|██████▊   | 412/600 [18:14<08:19,  2.66s/it, avr_loss=0.354]
steps:  69%|██████▊   | 412/600 [18:14<08:19,  2.66s/it, avr_loss=0.354]
steps:  69%|██████▉   | 413/600 [18:16<08:16,  2.66s/it, avr_loss=0.354]
steps:  69%|██████▉   | 413/600 [18:16<08:16,  2.66s/it, avr_loss=0.354]
steps:  69%|██████▉   | 414/600 [18:19<08:13,  2.66s/it, avr_loss=0.354]
steps:  69%|██████▉   | 414/600 [18:19<08:13,  2.66s/it, avr_loss=0.353]
steps:  69%|██████▉   | 415/600 [18:22<08:11,  2.66s/it, avr_loss=0.353]
steps:  69%|██████▉   | 415/600 [18:22<08:11,  2.66s/it, avr_loss=0.353]
steps:  69%|██████▉   | 416/600 [18:24<08:08,  2.66s/it, avr_loss=0.353]
steps:  69%|██████▉   | 416/600 [18:24<08:08,  2.66s/it, avr_loss=0.353]
steps:  70%|██████▉   | 417/600 [18:27<08:05,  2.66s/it, avr_loss=0.353]
steps:  70%|██████▉   | 417/600 [18:27<08:05,  2.66s/it, avr_loss=0.352]
steps:  70%|██████▉   | 418/600 [18:29<08:03,  2.66s/it, avr_loss=0.352]
steps:  70%|██████▉   | 418/600 [18:29<08:03,  2.66s/it, avr_loss=0.352]
steps:  70%|██████▉   | 419/600 [18:32<08:00,  2.66s/it, avr_loss=0.352]
steps:  70%|██████▉   | 419/600 [18:32<08:00,  2.66s/it, avr_loss=0.351]
steps:  70%|███████   | 420/600 [18:35<07:57,  2.66s/it, avr_loss=0.351]
steps:  70%|███████   | 420/600 [18:35<07:57,  2.66s/it, avr_loss=0.351]
steps:  70%|███████   | 421/600 [18:37<07:55,  2.66s/it, avr_loss=0.351]
steps:  70%|███████   | 421/600 [18:37<07:55,  2.66s/it, avr_loss=0.351]
steps:  70%|███████   | 422/600 [18:40<07:52,  2.66s/it, avr_loss=0.351]
steps:  70%|███████   | 422/600 [18:40<07:52,  2.66s/it, avr_loss=0.352]
steps:  70%|███████   | 423/600 [18:43<07:49,  2.66s/it, avr_loss=0.352]
steps:  70%|███████   | 423/600 [18:43<07:49,  2.66s/it, avr_loss=0.352]
steps:  71%|███████   | 424/600 [18:45<07:47,  2.66s/it, avr_loss=0.352]
steps:  71%|███████   | 424/600 [18:45<07:47,  2.66s/it, avr_loss=0.352]
steps:  71%|███████   | 425/600 [18:48<07:44,  2.65s/it, avr_loss=0.352]
steps:  71%|███████   | 425/600 [18:48<07:44,  2.65s/it, avr_loss=0.352]
steps:  71%|███████   | 426/600 [18:50<07:41,  2.65s/it, avr_loss=0.352]
steps:  71%|███████   | 426/600 [18:50<07:41,  2.65s/it, avr_loss=0.351]
steps:  71%|███████   | 427/600 [18:53<07:39,  2.65s/it, avr_loss=0.351]
steps:  71%|███████   | 427/600 [18:53<07:39,  2.65s/it, avr_loss=0.352]
steps:  71%|███████▏  | 428/600 [18:56<07:36,  2.65s/it, avr_loss=0.352]
steps:  71%|███████▏  | 428/600 [18:56<07:36,  2.65s/it, avr_loss=0.352]
steps:  72%|███████▏  | 429/600 [18:58<07:33,  2.65s/it, avr_loss=0.352]
steps:  72%|███████▏  | 429/600 [18:58<07:33,  2.65s/it, avr_loss=0.352]
steps:  72%|███████▏  | 430/600 [19:01<07:31,  2.65s/it, avr_loss=0.352]
steps:  72%|███████▏  | 430/600 [19:01<07:31,  2.65s/it, avr_loss=0.352]
steps:  72%|███████▏  | 431/600 [19:04<07:28,  2.65s/it, avr_loss=0.352]
steps:  72%|███████▏  | 431/600 [19:04<07:28,  2.65s/it, avr_loss=0.352]
steps:  72%|███████▏  | 432/600 [19:06<07:25,  2.65s/it, avr_loss=0.352]
steps:  72%|███████▏  | 432/600 [19:06<07:25,  2.65s/it, avr_loss=0.351]
steps:  72%|███████▏  | 433/600 [19:09<07:23,  2.65s/it, avr_loss=0.351]
steps:  72%|███████▏  | 433/600 [19:09<07:23,  2.65s/it, avr_loss=0.351]
steps:  72%|███████▏  | 434/600 [19:12<07:20,  2.65s/it, avr_loss=0.351]
steps:  72%|███████▏  | 434/600 [19:12<07:20,  2.65s/it, avr_loss=0.351]
steps:  72%|███████▎  | 435/600 [19:14<07:17,  2.65s/it, avr_loss=0.351]
steps:  72%|███████▎  | 435/600 [19:14<07:17,  2.65s/it, avr_loss=0.351]
steps:  73%|███████▎  | 436/600 [19:17<07:15,  2.65s/it, avr_loss=0.351]
steps:  73%|███████▎  | 436/600 [19:17<07:15,  2.65s/it, avr_loss=0.352]
steps:  73%|███████▎  | 437/600 [19:19<07:12,  2.65s/it, avr_loss=0.352]
steps:  73%|███████▎  | 437/600 [19:19<07:12,  2.65s/it, avr_loss=0.352]
steps:  73%|███████▎  | 438/600 [19:22<07:10,  2.65s/it, avr_loss=0.352]
steps:  73%|███████▎  | 438/600 [19:22<07:10,  2.65s/it, avr_loss=0.352]
steps:  73%|███████▎  | 439/600 [19:25<07:07,  2.65s/it, avr_loss=0.352]
steps:  73%|███████▎  | 439/600 [19:25<07:07,  2.65s/it, avr_loss=0.353]
steps:  73%|███████▎  | 440/600 [19:27<07:04,  2.65s/it, avr_loss=0.353]
steps:  73%|███████▎  | 440/600 [19:27<07:04,  2.65s/it, avr_loss=0.353]
steps:  74%|███████▎  | 441/600 [19:30<07:02,  2.65s/it, avr_loss=0.353]
steps:  74%|███████▎  | 441/600 [19:30<07:02,  2.65s/it, avr_loss=0.353]
steps:  74%|███████▎  | 442/600 [19:33<06:59,  2.65s/it, avr_loss=0.353]
steps:  74%|███████▎  | 442/600 [19:33<06:59,  2.65s/it, avr_loss=0.353]
steps:  74%|███████▍  | 443/600 [19:35<06:56,  2.65s/it, avr_loss=0.353]
steps:  74%|███████▍  | 443/600 [19:35<06:56,  2.65s/it, avr_loss=0.353]
steps:  74%|███████▍  | 444/600 [19:38<06:54,  2.65s/it, avr_loss=0.353]
steps:  74%|███████▍  | 444/600 [19:38<06:54,  2.65s/it, avr_loss=0.353]
steps:  74%|███████▍  | 445/600 [19:41<06:51,  2.65s/it, avr_loss=0.353]
steps:  74%|███████▍  | 445/600 [19:41<06:51,  2.65s/it, avr_loss=0.353]
steps:  74%|███████▍  | 446/600 [19:43<06:48,  2.65s/it, avr_loss=0.353]
steps:  74%|███████▍  | 446/600 [19:43<06:48,  2.65s/it, avr_loss=0.354]
steps:  74%|███████▍  | 447/600 [19:46<06:46,  2.65s/it, avr_loss=0.354]
steps:  74%|███████▍  | 447/600 [19:46<06:46,  2.65s/it, avr_loss=0.355]
steps:  75%|███████▍  | 448/600 [19:48<06:43,  2.65s/it, avr_loss=0.355]
steps:  75%|███████▍  | 448/600 [19:48<06:43,  2.65s/it, avr_loss=0.355]
steps:  75%|███████▍  | 449/600 [19:51<06:40,  2.65s/it, avr_loss=0.355]
steps:  75%|███████▍  | 449/600 [19:51<06:40,  2.65s/it, avr_loss=0.354]
steps:  75%|███████▌  | 450/600 [19:54<06:38,  2.65s/it, avr_loss=0.354]
steps:  75%|███████▌  | 450/600 [19:54<06:38,  2.65s/it, avr_loss=0.354]
steps:  75%|███████▌  | 451/600 [19:56<06:35,  2.65s/it, avr_loss=0.354]
steps:  75%|███████▌  | 451/600 [19:56<06:35,  2.65s/it, avr_loss=0.354]
steps:  75%|███████▌  | 452/600 [19:59<06:32,  2.65s/it, avr_loss=0.354]
steps:  75%|███████▌  | 452/600 [19:59<06:32,  2.65s/it, avr_loss=0.354]
steps:  76%|███████▌  | 453/600 [20:02<06:30,  2.65s/it, avr_loss=0.354]
steps:  76%|███████▌  | 453/600 [20:02<06:30,  2.65s/it, avr_loss=0.353]
steps:  76%|███████▌  | 454/600 [20:04<06:27,  2.65s/it, avr_loss=0.353]
steps:  76%|███████▌  | 454/600 [20:04<06:27,  2.65s/it, avr_loss=0.354]
steps:  76%|███████▌  | 455/600 [20:07<06:24,  2.65s/it, avr_loss=0.354]
steps:  76%|███████▌  | 455/600 [20:07<06:24,  2.65s/it, avr_loss=0.353]
steps:  76%|███████▌  | 456/600 [20:10<06:22,  2.65s/it, avr_loss=0.353]
steps:  76%|███████▌  | 456/600 [20:10<06:22,  2.65s/it, avr_loss=0.352]
steps:  76%|███████▌  | 457/600 [20:12<06:19,  2.65s/it, avr_loss=0.352]
steps:  76%|███████▌  | 457/600 [20:12<06:19,  2.65s/it, avr_loss=0.352]
steps:  76%|███████▋  | 458/600 [20:15<06:16,  2.65s/it, avr_loss=0.352]
steps:  76%|███████▋  | 458/600 [20:15<06:16,  2.65s/it, avr_loss=0.352]
steps:  76%|███████▋  | 459/600 [20:17<06:14,  2.65s/it, avr_loss=0.352]
steps:  76%|███████▋  | 459/600 [20:17<06:14,  2.65s/it, avr_loss=0.353]
steps:  77%|███████▋  | 460/600 [20:20<06:11,  2.65s/it, avr_loss=0.353]
steps:  77%|███████▋  | 460/600 [20:20<06:11,  2.65s/it, avr_loss=0.352]
steps:  77%|███████▋  | 461/600 [20:23<06:08,  2.65s/it, avr_loss=0.352]
steps:  77%|███████▋  | 461/600 [20:23<06:08,  2.65s/it, avr_loss=0.352]
steps:  77%|███████▋  | 462/600 [20:25<06:06,  2.65s/it, avr_loss=0.352]
steps:  77%|███████▋  | 462/600 [20:25<06:06,  2.65s/it, avr_loss=0.352]
steps:  77%|███████▋  | 463/600 [20:28<06:03,  2.65s/it, avr_loss=0.352]
steps:  77%|███████▋  | 463/600 [20:28<06:03,  2.65s/it, avr_loss=0.353]
steps:  77%|███████▋  | 464/600 [20:31<06:00,  2.65s/it, avr_loss=0.353]
steps:  77%|███████▋  | 464/600 [20:31<06:00,  2.65s/it, avr_loss=0.353]
steps:  78%|███████▊  | 465/600 [20:33<05:58,  2.65s/it, avr_loss=0.353]
steps:  78%|███████▊  | 465/600 [20:33<05:58,  2.65s/it, avr_loss=0.353]
steps:  78%|███████▊  | 466/600 [20:36<05:55,  2.65s/it, avr_loss=0.353]
steps:  78%|███████▊  | 466/600 [20:36<05:55,  2.65s/it, avr_loss=0.352]
steps:  78%|███████▊  | 467/600 [20:38<05:52,  2.65s/it, avr_loss=0.352]
steps:  78%|███████▊  | 467/600 [20:38<05:52,  2.65s/it, avr_loss=0.352]
steps:  78%|███████▊  | 468/600 [20:41<05:50,  2.65s/it, avr_loss=0.352]
steps:  78%|███████▊  | 468/600 [20:41<05:50,  2.65s/it, avr_loss=0.353]
steps:  78%|███████▊  | 469/600 [20:44<05:47,  2.65s/it, avr_loss=0.353]
steps:  78%|███████▊  | 469/600 [20:44<05:47,  2.65s/it, avr_loss=0.352]
steps:  78%|███████▊  | 470/600 [20:46<05:44,  2.65s/it, avr_loss=0.352]
steps:  78%|███████▊  | 470/600 [20:46<05:44,  2.65s/it, avr_loss=0.352]
steps:  78%|███████▊  | 471/600 [20:49<05:42,  2.65s/it, avr_loss=0.352]
steps:  78%|███████▊  | 471/600 [20:49<05:42,  2.65s/it, avr_loss=0.353]
steps:  79%|███████▊  | 472/600 [20:52<05:39,  2.65s/it, avr_loss=0.353]
steps:  79%|███████▊  | 472/600 [20:52<05:39,  2.65s/it, avr_loss=0.354]
steps:  79%|███████▉  | 473/600 [20:54<05:36,  2.65s/it, avr_loss=0.354]
steps:  79%|███████▉  | 473/600 [20:54<05:36,  2.65s/it, avr_loss=0.355]
steps:  79%|███████▉  | 474/600 [20:57<05:34,  2.65s/it, avr_loss=0.355]
steps:  79%|███████▉  | 474/600 [20:57<05:34,  2.65s/it, avr_loss=0.354]
steps:  79%|███████▉  | 475/600 [21:00<05:31,  2.65s/it, avr_loss=0.354]
steps:  79%|███████▉  | 475/600 [21:00<05:31,  2.65s/it, avr_loss=0.353]
steps:  79%|███████▉  | 476/600 [21:02<05:28,  2.65s/it, avr_loss=0.353]
steps:  79%|███████▉  | 476/600 [21:02<05:28,  2.65s/it, avr_loss=0.354]
steps:  80%|███████▉  | 477/600 [21:05<05:26,  2.65s/it, avr_loss=0.354]
steps:  80%|███████▉  | 477/600 [21:05<05:26,  2.65s/it, avr_loss=0.353]
steps:  80%|███████▉  | 478/600 [21:07<05:23,  2.65s/it, avr_loss=0.353]
steps:  80%|███████▉  | 478/600 [21:07<05:23,  2.65s/it, avr_loss=0.352]
steps:  80%|███████▉  | 479/600 [21:10<05:20,  2.65s/it, avr_loss=0.352]
steps:  80%|███████▉  | 479/600 [21:10<05:20,  2.65s/it, avr_loss=0.353]
steps:  80%|████████  | 480/600 [21:13<05:18,  2.65s/it, avr_loss=0.353]
steps:  80%|████████  | 480/600 [21:13<05:18,  2.65s/it, avr_loss=0.352]
steps:  80%|████████  | 481/600 [21:15<05:15,  2.65s/it, avr_loss=0.352]
steps:  80%|████████  | 481/600 [21:15<05:15,  2.65s/it, avr_loss=0.353]
steps:  80%|████████  | 482/600 [21:18<05:12,  2.65s/it, avr_loss=0.353]
steps:  80%|████████  | 482/600 [21:18<05:12,  2.65s/it, avr_loss=0.353]
steps:  80%|████████  | 483/600 [21:21<05:10,  2.65s/it, avr_loss=0.353]
steps:  80%|████████  | 483/600 [21:21<05:10,  2.65s/it, avr_loss=0.353]
steps:  81%|████████  | 484/600 [21:23<05:07,  2.65s/it, avr_loss=0.353]
steps:  81%|████████  | 484/600 [21:23<05:07,  2.65s/it, avr_loss=0.353]
steps:  81%|████████  | 485/600 [21:26<05:05,  2.65s/it, avr_loss=0.353]
steps:  81%|████████  | 485/600 [21:26<05:05,  2.65s/it, avr_loss=0.353]
steps:  81%|████████  | 486/600 [21:28<05:02,  2.65s/it, avr_loss=0.353]
steps:  81%|████████  | 486/600 [21:28<05:02,  2.65s/it, avr_loss=0.353]
steps:  81%|████████  | 487/600 [21:31<04:59,  2.65s/it, avr_loss=0.353]
steps:  81%|████████  | 487/600 [21:31<04:59,  2.65s/it, avr_loss=0.353]
steps:  81%|████████▏ | 488/600 [21:34<04:57,  2.65s/it, avr_loss=0.353]
steps:  81%|████████▏ | 488/600 [21:34<04:57,  2.65s/it, avr_loss=0.353]
steps:  82%|████████▏ | 489/600 [21:36<04:54,  2.65s/it, avr_loss=0.353]
steps:  82%|████████▏ | 489/600 [21:36<04:54,  2.65s/it, avr_loss=0.353]
steps:  82%|████████▏ | 490/600 [21:39<04:51,  2.65s/it, avr_loss=0.353]
steps:  82%|████████▏ | 490/600 [21:39<04:51,  2.65s/it, avr_loss=0.352]
steps:  82%|████████▏ | 491/600 [21:42<04:49,  2.65s/it, avr_loss=0.352]
steps:  82%|████████▏ | 491/600 [21:42<04:49,  2.65s/it, avr_loss=0.352]
steps:  82%|████████▏ | 492/600 [21:44<04:46,  2.65s/it, avr_loss=0.352]
steps:  82%|████████▏ | 492/600 [21:44<04:46,  2.65s/it, avr_loss=0.351]
steps:  82%|████████▏ | 493/600 [21:47<04:43,  2.65s/it, avr_loss=0.351]
steps:  82%|████████▏ | 493/600 [21:47<04:43,  2.65s/it, avr_loss=0.351]
steps:  82%|████████▏ | 494/600 [21:50<04:41,  2.65s/it, avr_loss=0.351]
steps:  82%|████████▏ | 494/600 [21:50<04:41,  2.65s/it, avr_loss=0.351]
steps:  82%|████████▎ | 495/600 [21:52<04:38,  2.65s/it, avr_loss=0.351]
steps:  82%|████████▎ | 495/600 [21:52<04:38,  2.65s/it, avr_loss=0.351]
steps:  83%|████████▎ | 496/600 [21:55<04:35,  2.65s/it, avr_loss=0.351]
steps:  83%|████████▎ | 496/600 [21:55<04:35,  2.65s/it, avr_loss=0.35] 
steps:  83%|████████▎ | 497/600 [21:57<04:33,  2.65s/it, avr_loss=0.35]
steps:  83%|████████▎ | 497/600 [21:57<04:33,  2.65s/it, avr_loss=0.35]
steps:  83%|████████▎ | 498/600 [22:00<04:30,  2.65s/it, avr_loss=0.35]
steps:  83%|████████▎ | 498/600 [22:00<04:30,  2.65s/it, avr_loss=0.35]
steps:  83%|████████▎ | 499/600 [22:03<04:27,  2.65s/it, avr_loss=0.35]
steps:  83%|████████▎ | 499/600 [22:03<04:27,  2.65s/it, avr_loss=0.349]
steps:  83%|████████▎ | 500/600 [22:05<04:25,  2.65s/it, avr_loss=0.349]
steps:  83%|████████▎ | 500/600 [22:05<04:25,  2.65s/it, avr_loss=0.35] 
steps:  84%|████████▎ | 501/600 [22:08<04:22,  2.65s/it, avr_loss=0.35]
steps:  84%|████████▎ | 501/600 [22:08<04:22,  2.65s/it, avr_loss=0.35]
steps:  84%|████████▎ | 502/600 [22:11<04:19,  2.65s/it, avr_loss=0.35]
steps:  84%|████████▎ | 502/600 [22:11<04:19,  2.65s/it, avr_loss=0.35]
steps:  84%|████████▍ | 503/600 [22:13<04:17,  2.65s/it, avr_loss=0.35]
steps:  84%|████████▍ | 503/600 [22:13<04:17,  2.65s/it, avr_loss=0.35]
steps:  84%|████████▍ | 504/600 [22:16<04:14,  2.65s/it, avr_loss=0.35]
steps:  84%|████████▍ | 504/600 [22:16<04:14,  2.65s/it, avr_loss=0.35]
steps:  84%|████████▍ | 505/600 [22:18<04:11,  2.65s/it, avr_loss=0.35]
steps:  84%|████████▍ | 505/600 [22:18<04:11,  2.65s/it, avr_loss=0.35]
steps:  84%|████████▍ | 506/600 [22:21<04:09,  2.65s/it, avr_loss=0.35]
steps:  84%|████████▍ | 506/600 [22:21<04:09,  2.65s/it, avr_loss=0.35]
steps:  84%|████████▍ | 507/600 [22:24<04:06,  2.65s/it, avr_loss=0.35]
steps:  84%|████████▍ | 507/600 [22:24<04:06,  2.65s/it, avr_loss=0.351]
steps:  85%|████████▍ | 508/600 [22:26<04:03,  2.65s/it, avr_loss=0.351]
steps:  85%|████████▍ | 508/600 [22:26<04:03,  2.65s/it, avr_loss=0.35] 
steps:  85%|████████▍ | 509/600 [22:29<04:01,  2.65s/it, avr_loss=0.35]
steps:  85%|████████▍ | 509/600 [22:29<04:01,  2.65s/it, avr_loss=0.35]
steps:  85%|████████▌ | 510/600 [22:32<03:58,  2.65s/it, avr_loss=0.35]
steps:  85%|████████▌ | 510/600 [22:32<03:58,  2.65s/it, avr_loss=0.35]
steps:  85%|████████▌ | 511/600 [22:34<03:55,  2.65s/it, avr_loss=0.35]
steps:  85%|████████▌ | 511/600 [22:34<03:55,  2.65s/it, avr_loss=0.35]
steps:  85%|████████▌ | 512/600 [22:37<03:53,  2.65s/it, avr_loss=0.35]
steps:  85%|████████▌ | 512/600 [22:37<03:53,  2.65s/it, avr_loss=0.35]
steps:  86%|████████▌ | 513/600 [22:40<03:50,  2.65s/it, avr_loss=0.35]
steps:  86%|████████▌ | 513/600 [22:40<03:50,  2.65s/it, avr_loss=0.35]
steps:  86%|████████▌ | 514/600 [22:42<03:47,  2.65s/it, avr_loss=0.35]
steps:  86%|████████▌ | 514/600 [22:42<03:47,  2.65s/it, avr_loss=0.35]
steps:  86%|████████▌ | 515/600 [22:45<03:45,  2.65s/it, avr_loss=0.35]
steps:  86%|████████▌ | 515/600 [22:45<03:45,  2.65s/it, avr_loss=0.35]
steps:  86%|████████▌ | 516/600 [22:47<03:42,  2.65s/it, avr_loss=0.35]
steps:  86%|████████▌ | 516/600 [22:47<03:42,  2.65s/it, avr_loss=0.349]
steps:  86%|████████▌ | 517/600 [22:50<03:40,  2.65s/it, avr_loss=0.349]
steps:  86%|████████▌ | 517/600 [22:50<03:40,  2.65s/it, avr_loss=0.349]
steps:  86%|████████▋ | 518/600 [22:53<03:37,  2.65s/it, avr_loss=0.349]
steps:  86%|████████▋ | 518/600 [22:53<03:37,  2.65s/it, avr_loss=0.349]
steps:  86%|████████▋ | 519/600 [22:55<03:34,  2.65s/it, avr_loss=0.349]
steps:  86%|████████▋ | 519/600 [22:55<03:34,  2.65s/it, avr_loss=0.349]
steps:  87%|████████▋ | 520/600 [22:58<03:32,  2.65s/it, avr_loss=0.349]
steps:  87%|████████▋ | 520/600 [22:58<03:32,  2.65s/it, avr_loss=0.349]
steps:  87%|████████▋ | 521/600 [23:01<03:29,  2.65s/it, avr_loss=0.349]
steps:  87%|████████▋ | 521/600 [23:01<03:29,  2.65s/it, avr_loss=0.349]
steps:  87%|████████▋ | 522/600 [23:03<03:26,  2.65s/it, avr_loss=0.349]
steps:  87%|████████▋ | 522/600 [23:03<03:26,  2.65s/it, avr_loss=0.349]
steps:  87%|████████▋ | 523/600 [23:06<03:24,  2.65s/it, avr_loss=0.349]
steps:  87%|████████▋ | 523/600 [23:06<03:24,  2.65s/it, avr_loss=0.349]
steps:  87%|████████▋ | 524/600 [23:09<03:21,  2.65s/it, avr_loss=0.349]
steps:  87%|████████▋ | 524/600 [23:09<03:21,  2.65s/it, avr_loss=0.349]
steps:  88%|████████▊ | 525/600 [23:11<03:18,  2.65s/it, avr_loss=0.349]
steps:  88%|████████▊ | 525/600 [23:11<03:18,  2.65s/it, avr_loss=0.349]
steps:  88%|████████▊ | 526/600 [23:14<03:16,  2.65s/it, avr_loss=0.349]
steps:  88%|████████▊ | 526/600 [23:14<03:16,  2.65s/it, avr_loss=0.35] 
steps:  88%|████████▊ | 527/600 [23:16<03:13,  2.65s/it, avr_loss=0.35]
steps:  88%|████████▊ | 527/600 [23:16<03:13,  2.65s/it, avr_loss=0.35]
steps:  88%|████████▊ | 528/600 [23:19<03:10,  2.65s/it, avr_loss=0.35]
steps:  88%|████████▊ | 528/600 [23:19<03:10,  2.65s/it, avr_loss=0.349]
steps:  88%|████████▊ | 529/600 [23:22<03:08,  2.65s/it, avr_loss=0.349]
steps:  88%|████████▊ | 529/600 [23:22<03:08,  2.65s/it, avr_loss=0.349]
steps:  88%|████████▊ | 530/600 [23:24<03:05,  2.65s/it, avr_loss=0.349]
steps:  88%|████████▊ | 530/600 [23:24<03:05,  2.65s/it, avr_loss=0.348]
steps:  88%|████████▊ | 531/600 [23:27<03:02,  2.65s/it, avr_loss=0.348]
steps:  88%|████████▊ | 531/600 [23:27<03:02,  2.65s/it, avr_loss=0.348]
steps:  89%|████████▊ | 532/600 [23:30<03:00,  2.65s/it, avr_loss=0.348]
steps:  89%|████████▊ | 532/600 [23:30<03:00,  2.65s/it, avr_loss=0.348]
steps:  89%|████████▉ | 533/600 [23:32<02:57,  2.65s/it, avr_loss=0.348]
steps:  89%|████████▉ | 533/600 [23:32<02:57,  2.65s/it, avr_loss=0.348]
steps:  89%|████████▉ | 534/600 [23:35<02:54,  2.65s/it, avr_loss=0.348]
steps:  89%|████████▉ | 534/600 [23:35<02:54,  2.65s/it, avr_loss=0.348]
steps:  89%|████████▉ | 535/600 [23:38<02:52,  2.65s/it, avr_loss=0.348]
steps:  89%|████████▉ | 535/600 [23:38<02:52,  2.65s/it, avr_loss=0.348]
steps:  89%|████████▉ | 536/600 [23:40<02:49,  2.65s/it, avr_loss=0.348]
steps:  89%|████████▉ | 536/600 [23:40<02:49,  2.65s/it, avr_loss=0.348]
steps:  90%|████████▉ | 537/600 [23:43<02:46,  2.65s/it, avr_loss=0.348]
steps:  90%|████████▉ | 537/600 [23:43<02:46,  2.65s/it, avr_loss=0.347]
steps:  90%|████████▉ | 538/600 [23:45<02:44,  2.65s/it, avr_loss=0.347]
steps:  90%|████████▉ | 538/600 [23:45<02:44,  2.65s/it, avr_loss=0.347]
steps:  90%|████████▉ | 539/600 [23:48<02:41,  2.65s/it, avr_loss=0.347]
steps:  90%|████████▉ | 539/600 [23:48<02:41,  2.65s/it, avr_loss=0.347]
steps:  90%|█████████ | 540/600 [23:51<02:39,  2.65s/it, avr_loss=0.347]
steps:  90%|█████████ | 540/600 [23:51<02:39,  2.65s/it, avr_loss=0.347]
steps:  90%|█████████ | 541/600 [23:53<02:36,  2.65s/it, avr_loss=0.347]
steps:  90%|█████████ | 541/600 [23:53<02:36,  2.65s/it, avr_loss=0.347]
steps:  90%|█████████ | 542/600 [23:56<02:33,  2.65s/it, avr_loss=0.347]
steps:  90%|█████████ | 542/600 [23:56<02:33,  2.65s/it, avr_loss=0.346]
steps:  90%|█████████ | 543/600 [23:59<02:31,  2.65s/it, avr_loss=0.346]
steps:  90%|█████████ | 543/600 [23:59<02:31,  2.65s/it, avr_loss=0.346]
steps:  91%|█████████ | 544/600 [24:01<02:28,  2.65s/it, avr_loss=0.346]
steps:  91%|█████████ | 544/600 [24:01<02:28,  2.65s/it, avr_loss=0.346]
steps:  91%|█████████ | 545/600 [24:04<02:25,  2.65s/it, avr_loss=0.346]
steps:  91%|█████████ | 545/600 [24:04<02:25,  2.65s/it, avr_loss=0.346]
steps:  91%|█████████ | 546/600 [24:07<02:23,  2.65s/it, avr_loss=0.346]
steps:  91%|█████████ | 546/600 [24:07<02:23,  2.65s/it, avr_loss=0.346]
steps:  91%|█████████ | 547/600 [24:09<02:20,  2.65s/it, avr_loss=0.346]
steps:  91%|█████████ | 547/600 [24:09<02:20,  2.65s/it, avr_loss=0.346]
steps:  91%|█████████▏| 548/600 [24:12<02:17,  2.65s/it, avr_loss=0.346]
steps:  91%|█████████▏| 548/600 [24:12<02:17,  2.65s/it, avr_loss=0.346]
steps:  92%|█████████▏| 549/600 [24:14<02:15,  2.65s/it, avr_loss=0.346]
steps:  92%|█████████▏| 549/600 [24:14<02:15,  2.65s/it, avr_loss=0.346]
steps:  92%|█████████▏| 550/600 [24:17<02:12,  2.65s/it, avr_loss=0.346]
steps:  92%|█████████▏| 550/600 [24:17<02:12,  2.65s/it, avr_loss=0.346]
steps:  92%|█████████▏| 551/600 [24:20<02:09,  2.65s/it, avr_loss=0.346]
steps:  92%|█████████▏| 551/600 [24:20<02:09,  2.65s/it, avr_loss=0.346]
steps:  92%|█████████▏| 552/600 [24:22<02:07,  2.65s/it, avr_loss=0.346]
steps:  92%|█████████▏| 552/600 [24:22<02:07,  2.65s/it, avr_loss=0.346]
steps:  92%|█████████▏| 553/600 [24:25<02:04,  2.65s/it, avr_loss=0.346]
steps:  92%|█████████▏| 553/600 [24:25<02:04,  2.65s/it, avr_loss=0.346]
steps:  92%|█████████▏| 554/600 [24:28<02:01,  2.65s/it, avr_loss=0.346]
steps:  92%|█████████▏| 554/600 [24:28<02:01,  2.65s/it, avr_loss=0.346]
steps:  92%|█████████▎| 555/600 [24:30<01:59,  2.65s/it, avr_loss=0.346]
steps:  92%|█████████▎| 555/600 [24:30<01:59,  2.65s/it, avr_loss=0.346]
steps:  93%|█████████▎| 556/600 [24:33<01:56,  2.65s/it, avr_loss=0.346]
steps:  93%|█████████▎| 556/600 [24:33<01:56,  2.65s/it, avr_loss=0.346]
steps:  93%|█████████▎| 557/600 [24:35<01:53,  2.65s/it, avr_loss=0.346]
steps:  93%|█████████▎| 557/600 [24:35<01:53,  2.65s/it, avr_loss=0.346]
steps:  93%|█████████▎| 558/600 [24:38<01:51,  2.65s/it, avr_loss=0.346]
steps:  93%|█████████▎| 558/600 [24:38<01:51,  2.65s/it, avr_loss=0.345]
steps:  93%|█████████▎| 559/600 [24:41<01:48,  2.65s/it, avr_loss=0.345]
steps:  93%|█████████▎| 559/600 [24:41<01:48,  2.65s/it, avr_loss=0.345]
steps:  93%|█████████▎| 560/600 [24:43<01:45,  2.65s/it, avr_loss=0.345]
steps:  93%|█████████▎| 560/600 [24:43<01:45,  2.65s/it, avr_loss=0.345]
steps:  94%|█████████▎| 561/600 [24:46<01:43,  2.65s/it, avr_loss=0.345]
steps:  94%|█████████▎| 561/600 [24:46<01:43,  2.65s/it, avr_loss=0.345]
steps:  94%|█████████▎| 562/600 [24:49<01:40,  2.65s/it, avr_loss=0.345]
steps:  94%|█████████▎| 562/600 [24:49<01:40,  2.65s/it, avr_loss=0.345]
steps:  94%|█████████▍| 563/600 [24:51<01:38,  2.65s/it, avr_loss=0.345]
steps:  94%|█████████▍| 563/600 [24:51<01:38,  2.65s/it, avr_loss=0.346]
steps:  94%|█████████▍| 564/600 [24:54<01:35,  2.65s/it, avr_loss=0.346]
steps:  94%|█████████▍| 564/600 [24:54<01:35,  2.65s/it, avr_loss=0.346]
steps:  94%|█████████▍| 565/600 [24:57<01:32,  2.65s/it, avr_loss=0.346]
steps:  94%|█████████▍| 565/600 [24:57<01:32,  2.65s/it, avr_loss=0.347]
steps:  94%|█████████▍| 566/600 [24:59<01:30,  2.65s/it, avr_loss=0.347]
steps:  94%|█████████▍| 566/600 [24:59<01:30,  2.65s/it, avr_loss=0.347]
steps:  94%|█████████▍| 567/600 [25:02<01:27,  2.65s/it, avr_loss=0.347]
steps:  94%|█████████▍| 567/600 [25:02<01:27,  2.65s/it, avr_loss=0.348]
steps:  95%|█████████▍| 568/600 [25:04<01:24,  2.65s/it, avr_loss=0.348]
steps:  95%|█████████▍| 568/600 [25:04<01:24,  2.65s/it, avr_loss=0.348]
steps:  95%|█████████▍| 569/600 [25:07<01:22,  2.65s/it, avr_loss=0.348]
steps:  95%|█████████▍| 569/600 [25:07<01:22,  2.65s/it, avr_loss=0.348]
steps:  95%|█████████▌| 570/600 [25:10<01:19,  2.65s/it, avr_loss=0.348]
steps:  95%|█████████▌| 570/600 [25:10<01:19,  2.65s/it, avr_loss=0.348]
steps:  95%|█████████▌| 571/600 [25:12<01:16,  2.65s/it, avr_loss=0.348]
steps:  95%|█████████▌| 571/600 [25:12<01:16,  2.65s/it, avr_loss=0.348]
steps:  95%|█████████▌| 572/600 [25:15<01:14,  2.65s/it, avr_loss=0.348]
steps:  95%|█████████▌| 572/600 [25:15<01:14,  2.65s/it, avr_loss=0.348]
steps:  96%|█████████▌| 573/600 [25:18<01:11,  2.65s/it, avr_loss=0.348]
steps:  96%|█████████▌| 573/600 [25:18<01:11,  2.65s/it, avr_loss=0.348]
steps:  96%|█████████▌| 574/600 [25:20<01:08,  2.65s/it, avr_loss=0.348]
steps:  96%|█████████▌| 574/600 [25:20<01:08,  2.65s/it, avr_loss=0.348]
steps:  96%|█████████▌| 575/600 [25:23<01:06,  2.65s/it, avr_loss=0.348]
steps:  96%|█████████▌| 575/600 [25:23<01:06,  2.65s/it, avr_loss=0.347]
steps:  96%|█████████▌| 576/600 [25:25<01:03,  2.65s/it, avr_loss=0.347]
steps:  96%|█████████▌| 576/600 [25:25<01:03,  2.65s/it, avr_loss=0.347]
steps:  96%|█████████▌| 577/600 [25:28<01:00,  2.65s/it, avr_loss=0.347]
steps:  96%|█████████▌| 577/600 [25:28<01:00,  2.65s/it, avr_loss=0.347]
steps:  96%|█████████▋| 578/600 [25:31<00:58,  2.65s/it, avr_loss=0.347]
steps:  96%|█████████▋| 578/600 [25:31<00:58,  2.65s/it, avr_loss=0.347]
steps:  96%|█████████▋| 579/600 [25:33<00:55,  2.65s/it, avr_loss=0.347]
steps:  96%|█████████▋| 579/600 [25:33<00:55,  2.65s/it, avr_loss=0.347]
steps:  97%|█████████▋| 580/600 [25:36<00:52,  2.65s/it, avr_loss=0.347]
steps:  97%|█████████▋| 580/600 [25:36<00:52,  2.65s/it, avr_loss=0.348]
steps:  97%|█████████▋| 581/600 [25:39<00:50,  2.65s/it, avr_loss=0.348]
steps:  97%|█████████▋| 581/600 [25:39<00:50,  2.65s/it, avr_loss=0.348]
steps:  97%|█████████▋| 582/600 [25:41<00:47,  2.65s/it, avr_loss=0.348]
steps:  97%|█████████▋| 582/600 [25:41<00:47,  2.65s/it, avr_loss=0.349]
steps:  97%|█████████▋| 583/600 [25:44<00:45,  2.65s/it, avr_loss=0.349]
steps:  97%|█████████▋| 583/600 [25:44<00:45,  2.65s/it, avr_loss=0.349]
steps:  97%|█████████▋| 584/600 [25:47<00:42,  2.65s/it, avr_loss=0.349]
steps:  97%|█████████▋| 584/600 [25:47<00:42,  2.65s/it, avr_loss=0.348]
steps:  98%|█████████▊| 585/600 [25:49<00:39,  2.65s/it, avr_loss=0.348]
steps:  98%|█████████▊| 585/600 [25:49<00:39,  2.65s/it, avr_loss=0.348]
steps:  98%|█████████▊| 586/600 [25:52<00:37,  2.65s/it, avr_loss=0.348]
steps:  98%|█████████▊| 586/600 [25:52<00:37,  2.65s/it, avr_loss=0.348]
steps:  98%|█████████▊| 587/600 [25:55<00:34,  2.65s/it, avr_loss=0.348]
steps:  98%|█████████▊| 587/600 [25:55<00:34,  2.65s/it, avr_loss=0.348]
steps:  98%|█████████▊| 588/600 [25:57<00:31,  2.65s/it, avr_loss=0.348]
steps:  98%|█████████▊| 588/600 [25:57<00:31,  2.65s/it, avr_loss=0.348]
steps:  98%|█████████▊| 589/600 [26:00<00:29,  2.65s/it, avr_loss=0.348]
steps:  98%|█████████▊| 589/600 [26:00<00:29,  2.65s/it, avr_loss=0.348]
steps:  98%|█████████▊| 590/600 [26:02<00:26,  2.65s/it, avr_loss=0.348]
steps:  98%|█████████▊| 590/600 [26:02<00:26,  2.65s/it, avr_loss=0.348]
steps:  98%|█████████▊| 591/600 [26:05<00:23,  2.65s/it, avr_loss=0.348]
steps:  98%|█████████▊| 591/600 [26:05<00:23,  2.65s/it, avr_loss=0.348]
steps:  99%|█████████▊| 592/600 [26:08<00:21,  2.65s/it, avr_loss=0.348]
steps:  99%|█████████▊| 592/600 [26:08<00:21,  2.65s/it, avr_loss=0.347]
steps:  99%|█████████▉| 593/600 [26:10<00:18,  2.65s/it, avr_loss=0.347]
steps:  99%|█████████▉| 593/600 [26:10<00:18,  2.65s/it, avr_loss=0.348]
steps:  99%|█████████▉| 594/600 [26:13<00:15,  2.65s/it, avr_loss=0.348]
steps:  99%|█████████▉| 594/600 [26:13<00:15,  2.65s/it, avr_loss=0.347]
steps:  99%|█████████▉| 595/600 [26:16<00:13,  2.65s/it, avr_loss=0.347]
steps:  99%|█████████▉| 595/600 [26:16<00:13,  2.65s/it, avr_loss=0.346]
steps:  99%|█████████▉| 596/600 [26:18<00:10,  2.65s/it, avr_loss=0.346]
steps:  99%|█████████▉| 596/600 [26:18<00:10,  2.65s/it, avr_loss=0.346]
steps: 100%|█████████▉| 597/600 [26:21<00:07,  2.65s/it, avr_loss=0.346]
steps: 100%|█████████▉| 597/600 [26:21<00:07,  2.65s/it, avr_loss=0.346]
steps: 100%|█████████▉| 598/600 [26:24<00:05,  2.65s/it, avr_loss=0.346]
steps: 100%|█████████▉| 598/600 [26:24<00:05,  2.65s/it, avr_loss=0.346]
steps: 100%|█████████▉| 599/600 [26:26<00:02,  2.65s/it, avr_loss=0.346]
steps: 100%|█████████▉| 599/600 [26:26<00:02,  2.65s/it, avr_loss=0.346]
steps: 100%|██████████| 600/600 [26:29<00:00,  2.65s/it, avr_loss=0.346]
steps: 100%|██████████| 600/600 [26:29<00:00,  2.65s/it, avr_loss=0.346]E:\AI\training\sd-scripts\networks\lora_flux.py:1096: FutureWarning: Positional args are being deprecated, use kwargs instead. Refer to https://pytorch.org/docs/main/generated/torch.nn.Module.html#torch.nn.Module.state_dict for details.
  return super().state_dict(destination, prefix, keep_vars)
2026-06-03 12:20:39 INFO     model saved.                 train_network.py:1729

steps: 100%|██████████| 600/600 [26:29<00:00,  2.65s/it, avr_loss=0.346]

epoch 1/2


epoch 2/2


saving checkpoint: E:\AI\training\output\stdstyl_chroma_lora.safetensors
